design_id,dE_mutant,dE_control_mean,n_controls,dE_native,ddE_vs_control,ddE_vs_native
pres_4QL6vcWdkbyN2gSP2H6D,-233.9501073802585,-283.6493039708574,3,-294.5725631176442,49.69919659059889,60.622455737385735
pres_9QAUqvL5G0BpAlbPk1DS,-252.91437447217345,-313.8979158714836,3,-249.68290950748292,60.98354139931013,-3.231464964690531
pres_Cb3rrKfkI25g3OFLaf4K,-182.97763648314867,-217.5079366306336,3,-180.0323020655951,34.53030014748492,-2.9453344175535676
pres_DKbJSQLO99W83dFUjQ5A,-149.4227494358238,-184.27999124788008,3,-145.62597107819465,34.85724181205629,-3.7967783576291367
pres_ETpLiHuSjfBKzeMXX3UU,-127.79671509116906,-306.14402164659106,3,-290.6739076048134,178.347306555422,162.87719251364433
pres_GffoS6D9LUCznZRDx2ZU,-194.68075210827283,-187.6622823171101,3,-217.18393653020712,-7.018469791162715,22.503184421934293
pres_HUNfzp9p6pMfmu12zrUP,-209.8940969246264,-206.23245627201837,3,-241.4662426649984,-3.6616406526080425,31.57214574037198
pres_KahX2BX8wV7pS2apeAIF,-203.71560148831577,-194.2807427713495,3,-215.57736667841527,-9.43485871696626,11.861765190099504
pres_L8hPhSAVoTHCHwkh1Z5I,-279.0141636005219,-311.0786818832148,3,-254.2293786699556,32.064518282692916,-24.784784930566303
pres_OSCXUqq0lD1Si6sjr6eI,-299.89164820605356,-254.6525404812813,3,-217.67953250347043,-45.23910772477225,-82.21211570258313
pres_PmjQA4obSDKYBtstAH4J,-244.5719423271803,-219.33993526207905,3,-217.59705631608404,-25.232007065101243,-26.97488601109626
pres_VRAwPZTZ6nvNknkVd507,-228.2521742860299,-254.60086512660624,3,-292.1216449452504,26.348690840576324,63.8694706592205
pres_aauLuxXSJIKUc5PfXTRi,-303.94151055944394,-180.03241842179264,3,-214.33562340073513,-123.9090921376513,-89.60588715870881
pres_d94XgD04b9H2LQZQYtuZ,-263.5144608393557,-307.2706589887686,3,-317.96799638547145,43.75619814941291,54.453535546115745
pres_nALzF8qpfBsMh1677XRs,-246.4178195182808,-266.0625405194099,3,-166.94168243805598,19.644721001129085,-79.47613708022482
pres_prdvglG799H3ZjrohATI,-257.37352700846486,-294.82075596508076,3,-283.93739636334976,37.4472289566159,26.5638693548849
pres_uVIuO5yzZ7EcTu1f6S1Q,-222.46456808567743,-246.56712058779718,3,-313.09322510070615,24.10255250211975,90.62865701502872
pres_vthBTmoewUeuVnnSxkOh,-202.82342660612085,-208.10446397318432,3,-125.22763685080145,5.281037367063476,-77.5957897553194
pres_y4iWbM88bYeQZ62VNOHB,-323.15996411026003,-275.0170973275248,3,-188.20633716888983,-48.14286678273521,-134.9536269413702
pres_y7VDSQJffw54uoNXKJWl,-290.63726658436417,-345.8521054064681,3,-353.4971672769634,55.21483882210396,62.85990069259924
