protein,UMAP1,UMAP2,UMAP3,cluster
pres_Hhv9IPMxhpX1KyrAsAxg,0.46653336,5.2134676,10.60325,0
pres_halGIRObYHf2ivFpg1VH,3.115693,4.064292,10.440406,0
pres_elpGYPyfgXkDBErfWQZ0,2.6909535,5.1514072,11.045842,0
pres_UlNECoB6VM54I4Zj940k,2.6292222,4.1855593,10.5897455,0
pres_vnWUVgft1pYdbRCJMjzN,6.6516023,4.921216,9.934061,0
pres_5ZE6azhfnGFQbMUrdjhC,4.087078,6.3548994,10.918939,0
pres_OVRuVrpooZU0tuOmKd4P,4.2233534,5.8535066,10.25913,0
pres_8SMTLBqssqPgrDFuBWPs,4.4533453,3.695772,9.450989,0
pres_y1QW78VkRWWIYHUOw6A7,1.0858542,3.5375364,10.251828,0
pres_KUFuQKixu8sIFMYY60Le,3.512946,4.5593867,10.62262,0
pres_g3nvy5dhGD3z6qi6ww4e,5.2505097,5.6203814,10.505183,0
pres_65mVclxXExq60wDxdyON,6.676165,7.0517364,11.239873,0
pres_Ly3ymwzKfh55NGBmChyT,2.5065203,4.4681673,10.717891,0
pres_SoLS0SRvn5rmFKDJhyG1,3.1505337,3.5559492,9.497833,0
pres_1mT21JepXkYMLBMQPbT1,2.6015275,4.1224546,10.450259,0
pres_YhjqmGpMmFY27BX4eSZY,3.0838997,7.1673913,11.158136,0
pres_18Z6khpmHBySbZkdH4Ls,-0.08438454,7.2808485,10.761342,0
pres_ltvRiaiKtbUm49e0j7jf,5.635666,5.3837767,11.184753,0
pres_bZWk08PTWv61RDVprfO2,0.564282,3.883793,9.548478,-1
pres_RT5ouYrLo4jh7A2Zu9JL,-0.03445706,7.88588,9.732778,0
pres_TNuB5heRaPw4PRgDAmtg,5.181267,4.27075,10.302773,0
pres_jAuy2G8cOdj0IPLptZLw,2.8328762,6.7569094,11.240125,0
pres_pLwM3RrHXQSd1lLGnfFk,3.9052532,5.228679,11.080658,0
pres_YYmfbnjhAJeqUf8MmVnv,1.2606831,6.0158205,10.3353,0
pres_euXjV4pza0VsouK4ciZ3,1.0746908,3.7833626,10.482929,0
pres_x8xnnKefsH3Y6wyf24Pq,3.0993025,4.720135,10.970197,0
pres_b4X4Tv67FbpV6WmO4oJd,-1.4989543,6.1981792,9.526034,0
pres_kmQ4zHeunh5DkhjNwssi,3.4433863,5.1040688,11.066354,0
pres_k3gxBHEa0RVxgrZz8Ofc,2.7721972,3.982659,9.984188,-1
pres_8Uizxa7U9e0B3uojOJPV,-1.0841203,5.252778,9.612921,0
pres_xzAMLxeAugPyKtQ2ozES,4.1640635,4.4377055,10.478486,0
pres_F3idjjQEqDchpd8nHE92,6.454785,6.4393144,11.236764,0
pres_juU7INkumTdM4JcBqYwK,7.029638,5.6917844,10.573336,0
pres_SEE1JS1IQtwpakQPOToP,2.3453748,7.119498,10.453796,0
pres_e2X4uFbBQ8JrTsAq7Izq,4.850385,7.325756,11.634702,0
pres_ag0txESA3YLJu3oohC04,5.5197167,5.397454,10.686643,0
pres_TD7TdFsKvGLyYUXZe4q5,7.5756783,5.5508137,10.549924,0
pres_ng97gSjgGl25ahJRAYsf,6.2636056,7.1279073,11.626174,-1
pres_QDYdG3OOe39QLdJHwDCG,0.68508863,5.635942,10.267917,0
pres_0ZjtNRejwy8QrO3PGH55,0.59626096,5.799355,10.950998,0
pres_DxA8W0NfKHvbQ05umY8V,3.8592765,5.855681,10.190386,0
pres_WTj4V0Y5iBOzOy3VBtdW,-0.0076692975,3.9936516,9.110819,0
pres_Gn87eIa81Qm1ysiOtjZt,3.722528,4.5282063,10.484817,0
pres_LCZyVg8kiqpy5JbYonl7,5.520854,5.102666,10.818634,0
pres_ywFunDL5LQD35zlvpo9A,3.066729,5.273155,10.916963,0
pres_AqTMDRfFkUqA8Tysq2uI,0.15698005,6.471753,10.758516,0
pres_IRJJR22LCz4o0cGi1iGb,2.2870376,4.1474338,10.023334,0
pres_RDJ50NnTYbcROUYnt1Rb,3.3921826,3.6502378,9.527991,0
pres_aWsuIGeG6FkuACE9X8gw,0.5695665,4.422953,9.4638605,0
pres_3bXphqrpNAKOu05u6qsz,4.8916745,5.8369317,11.270036,0
pres_NxfDb4TKHMRMmY7UBSmK,3.9192686,3.8770938,9.92774,0
pres_DFzyVVtt0YE5RX2nMMAE,4.08339,6.2183604,10.023634,0
pres_6FEvFSVgcFMJCYEtlW7R,4.7021284,5.7095466,10.7011175,0
pres_hGNOrKZ28b3BXh13a3Fk,6.6337023,6.987056,11.415669,0
pres_gacQ8FOQEOpHE8zrxioN,6.1204066,5.863524,11.186984,0
pres_y8Kd6McDYUBi0jFtNRCl,5.310134,4.6658683,10.801395,0
pres_Un5ErxMeEWpvD9Z1TgR0,3.6593885,5.1740828,10.330604,0
pres_8sajc57drTFp4WX5Ebij,1.5202328,6.642163,10.784179,0
pres_KR6O6RgTkDHZlH4av9Fo,5.5024242,6.3562512,10.868527,0
pres_bH7uXF7g8nhF3SWBx9rL,0.58076805,6.431358,10.50685,0
pres_olQvBBSGgPuPyrgxWR1e,5.9382253,6.928771,11.27962,0
pres_rTe23I3HEuiYY8An5lEK,5.050875,5.566255,9.797843,-1
pres_xUES1Zi06YmjnM5DiLHq,6.843526,5.558792,10.339436,0
pres_N2coEHBtjvkggCetUbwX,4.4946923,3.8513846,9.368655,-1
pres_glUAGEcExT4ty1FnL02P,2.6672406,6.050962,11.220785,0
pres_8IgQ5B2t7lLVKG05ZsHq,1.5694102,3.742019,10.758727,0
pres_LSjnnO7tx49nARlhG3cr,3.2601502,6.673512,11.144095,0
pres_ktQiSUC5kXRwmIeutkzN,4.6000614,5.8033376,10.30525,0
pres_u0pXGRdwVOVbST7aTdAC,3.8874838,5.7708397,10.700107,0
pres_jkqMJBiTnWeG9iWeccc9,4.970269,4.199173,10.257539,0
pres_JAmq1wjVI2dQUNoew89r,5.9911156,4.891094,10.639873,0
pres_z6ywEWqmloIU9W5hUDuY,2.7755687,4.4407644,10.723469,0
pres_wVXWtZPZCkO2vCLfLJZW,4.3488836,5.821258,9.885277,0
pres_6kiXcE7SmogjfJoGyiDd,5.161814,4.70713,10.947809,0
pres_M4Nu4RwL6jGLqvdlqDyu,5.953525,6.1472144,11.278654,0
pres_HR77zE1PWLQRuDAlbbfc,3.1272206,7.237249,9.352294,0
pres_AC8lMFabSF0JTP1XSJ10,5.4035087,7.3970356,10.935244,-1
pres_4ysqjgE2p70ozamnhzCM,2.2673578,3.7339609,9.192847,0
pres_bOfYNFLpNLKMtb7CkZ90,7.417282,5.2597165,10.247483,0
pres_U1JYLEbVYLzA0n669YYV,2.7751362,4.89005,11.161275,0
pres_GN56VuXTZXP4n2liZmNc,7.280128,6.5609803,11.1418295,-1
pres_hA10XoH0Xh0dXDMkLNgW,7.359135,5.830425,10.599609,0
pres_KD50ZzbJVHmHfqXSzJOE,4.730233,4.997508,10.885444,0
pres_q9Jr3WnHVi7yTHALJpXD,1.3310101,5.766321,10.18617,0
pres_jhiztB3LUvC0OhfNXsYH,4.980961,4.633509,10.309426,0
pres_Vfzb4wMv8XlyS0qIEbF5,5.838105,6.8760033,11.754724,0
pres_iitkzeSJV1EBxtEqVdCS,3.1276207,5.341168,10.863289,0
pres_69uT3li206IEYI6Lt2cx,4.168725,4.2028375,10.409485,0
pres_wU77N188PEJT6guXO62r,3.2474926,4.9259906,10.994161,0
pres_uOWdBitz7aXAUUAi0lSb,7.1182942,7.2474003,11.096074,0
pres_SwyM3KFN71mAoCNnsxii,6.8523207,5.09026,10.049784,0
pres_U2v2NjtDThKyacuwX0fB,7.0514474,7.2336903,11.198823,0
pres_OSDA0V9CMQI72r0ACcpz,7.5451493,5.5719614,10.580629,0
pres_QO48EUbvbyj34PeS1PsE,2.1655154,4.1179304,10.55811,0
pres_AqWKloHDAOzywmZcCgYU,6.360766,7.082065,11.695429,0
pres_edSlRwuMADUn2MrqfGm7,3.0137362,4.6478214,10.565304,0
pres_T64hc6zcB5TfzOchqTPZ,5.1155868,6.643931,11.647073,0
pres_glJlvwbybT8sfwjdJM0D,-1.6539361,7.733739,10.575908,-1
pres_OWFEmsDjZRYUn8k56Smz,6.5244575,4.7263436,9.73086,0
pres_fju1mveuPsT4I6kmZvvH,-0.40840533,6.418537,10.128471,0
pres_DsQOJovgY3G13vKA8qFz,3.0231538,3.7406747,9.694366,0
pres_6gEndzg75G0HguMMKF36,1.4205726,3.5599875,10.597513,0
pres_N0vNvTyJoPQtVkBIqtcM,-0.84452873,5.875275,10.229131,0
pres_R48wVxIv4AUTwLglvnM8,4.4513144,4.148175,10.410518,-1
pres_JieGTX5oscSgmxQmeD0k,4.128741,5.433197,10.813957,0
pres_FEoEIT7Ot1zRWQ4HJDJa,1.9039911,4.21113,10.371724,0
pres_sQr1Qbo8lA7p6Hhqjfew,3.6735585,4.312378,10.590826,0
pres_NDAO85cTrsRjQO7H4Br0,3.9098623,6.0759883,10.728853,0
pres_XDPaptMR1GhP6hcqVBy9,7.1293087,6.2953744,11.251193,-1
pres_ebOUTtTu43jZtqCXKBNo,2.9578273,3.9864073,10.381367,0
pres_60zcOfpcTDDGXUdJ5HhB,-1.0806087,5.5282845,9.521444,0
pres_FlrnubAJUUSXXPgNf2KL,4.843399,5.6770425,11.427107,0
pres_vUXP99iQxdTxnP3rwiUC,6.505216,4.5902624,9.624727,0
pres_fJvdB3gry9kpZ7NvTjMM,4.1740427,5.649697,10.857725,0
pres_TG2bLt3hyBxaT2tqus5m,5.3745027,7.1069283,11.8353,0
pres_zrSIcJrS9ndkwly7gMKa,0.7871966,4.708121,9.870343,0
pres_WnYSafwbjfdDjlPjBR1I,2.5840333,4.4427195,10.33793,0
pres_LFsKk1HtRyIlLlXtc0gN,6.474053,6.8643265,11.508671,0
pres_xIVXxFNCUDi4DvaQWo5p,0.91472334,5.740159,11.366378,0
pres_zf1imisYYsKFUwNR2bqB,6.7390747,7.283683,11.30385,0
pres_66iJeh5Qg4aeGaxhtLOY,2.827885,4.3241725,10.597757,0
pres_b7xf4meAL4t3Ei5ywefj,2.7184227,3.444516,9.210056,0
pres_l6J3ULRB1LIyHcRqHTHe,5.0714393,4.7274733,11.039795,0
pres_ae7voVR4fuR64f6nTFBK,5.9322186,5.1658754,10.47028,0
pres_1mYFw9uR7JL8EDpD3CaN,5.807379,5.790998,10.464874,0
pres_97a3FAxk6PnJUvwRKlrz,6.184993,6.9003897,12.027003,-1
pres_9xwLwRqk9vjWhE7SNdan,1.3432806,3.798908,10.699412,0
pres_CLW2SRRz2V5Y5As5RTLC,4.5008454,6.526042,11.034672,0
pres_M3pspMGcqjOvKE1lAu5v,6.829201,5.10125,9.966626,0
pres_owyu6i1FbMxEFGrSk2t1,3.2221751,6.265062,10.367816,0
pres_Mi3zuM6L4YwmKedkkdj1,4.94847,5.283162,11.420627,0
pres_hxCZIieBoJVz9gwnTP9e,7.0953236,6.3363104,11.112814,0
pres_PBebZpo9V68eG0MNgwli,4.760372,6.28391,10.9190855,0
pres_WxCL73W0EDI0PWCSbcy4,0.3491365,5.4650674,10.244582,0
pres_ipThMwQDWX3aWogX7xFD,1.1172936,4.708874,9.430111,0
pres_MMa3mhYjtjH7mdHbxLz9,6.142209,5.755106,11.063165,0
pres_06h1A8ZSfCm2xipxFC7N,2.8743963,4.119944,10.164891,0
pres_2gi0moqkwIlelP2iCzCt,6.1445932,7.2502484,11.710114,0
pres_WIFhCpoggh8s1pPMWjdb,6.8944216,5.332985,10.207334,-1
pres_xgTCQX60oJudyYWmJrRc,7.5087376,6.052577,10.967805,0
pres_PHhPAEznL7S3O5ZBbQnO,6.567608,6.4127226,11.343113,0
pres_JVcTHtEjo60y3XkOZpF9,2.2833414,6.2084827,11.445348,0
pres_H2YTgiyRMfU1aObpvspO,2.1836603,4.4912786,10.822474,0
pres_iI9GedBQT3WY4uNexeTu,5.929246,5.155502,10.496257,0
pres_codRU0AcXmWmq6e1VDfY,7.549356,5.9093795,10.759078,0
pres_5tLOAhY4LRoOx9ZikU8c,4.215969,4.100175,10.018131,0
pres_SO3DJElj7t5fEClDlgYZ,4.5362196,6.148993,11.38859,0
pres_fJHmwuCzKmeJEuhhLDMF,2.614407,4.518269,10.541997,0
pres_NANc9LaLT5O8Hfs70GR3,7.2915797,6.963821,11.16229,-1
pres_xIqLq6qJWdSN7LwRRKJC,0.11006396,4.8621492,9.788495,0
pres_hTeGIMpdt5DDhlA3jRU1,-0.7168306,4.9751477,9.383421,0
pres_wZUvwpTW3xTGlJ8veD40,4.28963,5.349315,10.559694,0
pres_wnIiyF4Bk4riFjogL3as,6.5519238,5.109008,10.002209,-1
pres_jXUqWxoA9ggWhwc9dSli,0.70711917,6.502337,10.658687,0
pres_LWJwGRa7fkTFf0pMhVy3,3.9508135,6.9449887,11.444987,0
pres_YXCNZid8XpCwCpy4rFvQ,6.568773,5.5625906,10.143897,0
pres_KPfvYlMPgRx5VI7lvm3g,-0.9044809,4.961859,9.36592,0
pres_sc29tVsRa14lZUR5EJMi,3.2877624,3.740354,9.540178,0
pres_MBZZbyabdZrsWiPhjXzb,1.5449617,4.7691073,9.450412,0
pres_fcyS3sk7plGYye6W5IUe,5.013903,6.933278,11.431829,0
pres_0Wzp3jtoUZddsxXez4cg,0.3826565,5.8323092,10.728212,0
pres_BUfmBbNcYXVdybFa7yVY,3.7037058,3.9111533,9.820736,0
pres_W3dbRZpQahvoqB4XQ6d6,7.4692135,5.9976487,10.843191,0
pres_JNpYnf0q0C1SNvxGUhIc,0.41278756,7.323883,11.096718,0
pres_HetKgSJLC6RcplmQs6W1,5.4450364,6.0148873,10.644568,0
pres_yx9llaTEFh2iiwEzUMdC,-0.63795054,6.9615383,10.471491,0
pres_8JRnbSAfpnH4H4jjS6JV,0.051952813,4.511748,9.049023,0
pres_TbiQ3Y7zhMfuujWRRt53,-0.12859754,7.1740346,11.13322,0
pres_tNnXr56FUZNFHYY3sw8U,5.732939,6.589815,10.99159,0
pres_wE82eSsYFc6rJHYPaBLC,-1.0287545,5.178244,9.453098,0
pres_v2blPeQUnMACUh6c4fCT,6.0893435,5.3776674,11.056452,0
pres_l1qD9i9l0MQ2D1RX13k6,3.5635612,3.8204753,10.01166,0
pres_13USjGWgszBJ5lzFjX93,2.4616885,3.3709402,9.050741,0
pres_iklmm8QvNQEjaVk9yR8z,4.2599163,4.7129326,9.691354,0
pres_0UpDYJR2IrZw8dObIWVj,2.6166084,4.791914,10.88446,0
pres_eWi7FZedv9FzdBGar8gW,4.61883,5.1770854,10.8773,0
pres_OAQherr9zcY69K7WmTY3,2.9974449,4.040632,10.405762,0
pres_yNOYoIN5P04A4zUHXNMQ,3.175042,5.3161874,10.606482,0
pres_0EcEXYR7I0rcdF7Z6ajJ,0.8588366,4.9643736,10.600863,0
pres_zRuVkTS3T6mufIkqdcMy,3.686836,3.6941478,9.457934,-1
pres_6zwOktuUiJpZgjSAfITu,5.7942224,5.1886296,10.455181,0
pres_BKgrotffXOVfQfN0jBLi,-0.07484919,6.502869,10.934979,0
pres_M3XPVKXUGEp1J1lw3kn7,1.2116863,5.4428325,9.712553,0
pres_ouazEcRvsHTTWQ7JyEgw,5.750083,6.136839,11.442841,0
pres_AsrOF1txGIMcp9kEqFBp,3.788107,3.7927668,9.647191,0
pres_3SK2tEahLPx2pV8P03tc,-0.68689126,6.722478,10.7031975,0
pres_yWiJ1J5cx7UpAPib60Dr,-0.35070315,4.038389,9.286185,0
pres_af6pPUXIXLzM5FgWER2A,-0.58120865,7.4178486,11.033229,0
pres_dK4L04NW4ZHODn7l0vim,7.1121254,6.544724,11.188687,0
pres_KyFqvPCfcrtme2UvlxOM,0.69642836,6.1163006,11.3512125,-1
pres_sKQp8dQxl3TFanc8IK1b,6.279998,5.692899,10.885139,0
pres_3LwdbrZi6stbOxlx4TZa,-1.1506767,4.6700253,9.117513,0
pres_0eOaiJ6XLJb9csWA9FNn,-0.6807651,7.04001,10.410499,0
pres_OdQaKWbUs2kcSwh0CNAb,-0.81227857,4.7156014,9.272081,0
pres_gGo8KjXItJHqNxb5PMUd,-0.20159517,6.064888,9.941354,0
pres_67ppaRgUp40eIeYEs1MS,4.4102416,3.6985366,9.440003,-1
pres_QmM9lrDhEC14EBJzNp9V,0.9201963,6.8473206,10.998155,0
pres_QnuyrCYMlaG1reVu4bnP,6.2702036,6.7754793,11.527986,0
pres_9cEfLkytREQ2DqzcEN2i,4.83965,4.5557904,10.3060055,0
pres_tO0f4p3t0jtar7n1F4pk,-0.17579827,4.259029,9.571328,0
pres_rQqkOZXRe4cRp2DBOIfd,6.24016,6.7446566,11.667444,0
pres_0RhdLXQXwdqY5Xcw6jJm,3.2556157,4.9655337,11.18178,0
pres_IomUgFPDrbKvX9P3AZW1,0.7003237,7.0304174,11.24423,0
pres_WyyV1EdltttUwXvqqpPl,2.869191,4.92949,10.96683,0
pres_dN1EyvS9vup1MYvRayy4,0.5000234,3.837432,9.959736,0
pres_GFFa2Uqvy4gz4DnujVBe,1.2408694,4.8219733,9.613763,0
pres_1rK1fT9hNLsWNLvxRW4U,-1.948603,6.4739094,9.92298,0
pres_lbCFArefVb5lKUSgLCv5,0.37801656,3.865683,9.682626,0
pres_9Rp0btVmvvIp38LSqOu9,-0.6786364,7.456923,11.054612,0
pres_trF58aYab6vGr05yIhwp,-2.0354064,7.275317,9.940543,0
pres_auEGchlUJ1d003R8CK4t,6.4726586,5.958167,10.64946,0
pres_MK4lLHNgoS2PBnLaV9rP,2.423901,3.391508,9.059612,0
pres_bpXUZkfT2S1jS9tgHmgk,3.2399085,5.427608,11.033645,0
pres_jyqRGsTmAjEAiR9WkADu,3.319938,3.9676733,10.193025,0
pres_wk32SYInjmqtuCRJ9rGc,3.3540142,6.238264,10.443226,0
pres_4BslNfiLHvHKJcG9Tmsi,0.48813966,3.83303,9.948099,0
pres_2dXMm4jWmbejYlFCFHer,5.504303,7.3373213,11.255682,0
pres_njCjqQQVXwTJzTKcg1Yk,0.0929482,6.627729,11.172787,0
pres_caryojaUscCqEUjioNFy,-0.64057523,6.4319577,10.015571,0
pres_KgLl4KZeawlGYVGl6vio,2.3726392,7.373353,10.854575,0
pres_r0y9JXSmxB6aS32iffzD,5.6970563,5.3113313,10.57171,0
pres_P2aXRCjI4Re8d6Wg4ziX,6.1178317,7.6436605,10.996923,-1
pres_Llig59YFnDg4jt16L0VC,4.249351,7.331757,11.436359,0
pres_qfkxW5IkdJTXD2QWTFaa,6.609712,5.352672,10.139733,0
pres_fp7D4nBsMehJO3XqSQSC,6.611845,7.064833,11.450515,0
pres_99xdi6u43D0KM01ZUJgf,5.12042,4.726429,10.826042,0
pres_chhupoQ6BVEnj5oY6LBi,1.0243828,6.989006,11.062529,0
pres_Uhb5r3w7SabJj4zM56tl,0.5887808,6.024794,11.225283,0
pres_O5B6Q0WuhiukR4XJp8Fu,-1.138532,6.5315776,10.603174,0
pres_yr5TOBXW85puquTG5LN8,1.8489031,6.3419867,10.522337,0
pres_JMrjlrPuQmJAscITyc02,0.14896978,7.37678,10.780146,0
pres_z7CzcIpj0c9HlsKz3fuI,-0.76527345,8.257329,9.63547,-1
pres_3gS4HgkZmcLcKkiKTXkj,2.198811,4.2669983,10.219976,0
pres_i1uYU4YLSP21emgGpV3p,0.3579356,5.153074,10.673038,0
pres_Y5NiTPII9PfUvH7FOM9o,5.0742908,4.463724,10.402109,0
pres_Yx4vrXc8eETyTIuZfT56,3.3141763,4.3814282,10.569927,0
pres_zLWjcXkDIC4ZS72IAqr2,5.9091396,5.9039497,10.750861,0
pres_DXQYSrABmPJ0nDg5LsMI,5.5214105,7.0686836,10.995011,0
pres_ULvdQHqdhTChI2JXXPVv,-0.27854028,6.5467367,11.001887,0
pres_fLdlcrnTWd7JhecS5keT,-0.3952354,5.7877207,10.347009,0
pres_tCX6w4Xlply3IcP38GOO,6.8843737,5.3178873,10.370593,0
pres_BNaELVbe5iJWZJLRWRvL,0.50972444,5.3418417,10.870557,0
pres_bhsUjOjEWfiC8dpjr5kF,1.0755345,5.802022,11.26079,0
pres_3DF7LKX5Tnq65vR7LmlS,6.108824,7.03621,11.592284,0
pres_fNlbdWf41MN6YeKkefOp,5.299395,7.022892,11.756541,0
pres_vOAARPFALy2dwwCgPJjk,5.2407346,4.9899993,11.094437,0
pres_We35RM8ydoYM5Q3AkOKn,3.5765138,3.905383,9.893162,0
pres_RpRSzBU32EyWohX4vRIb,2.2694361,6.7619586,11.351379,0
pres_godO9TyTmPjpvxUDGKHm,1.5143846,3.7247522,10.669224,0
pres_ztQZxel6vEjl5oWPeE4q,1.4247147,6.0793614,10.235752,0
pres_GCD6JLbfjztG33NXedzg,4.23658,7.4670663,10.925711,0
pres_CnP781Nhgi4UufqU0CWF,5.1913176,6.7153773,11.591129,0
pres_GaGLwGdUHUD0CPxJRQDK,-0.1430921,6.509272,10.9980345,0
pres_12OhsNQuovOVr4LuyLWr,2.0692704,4.3302903,10.095261,0
pres_6l5CT2de8a1vdT9Yicf4,2.4034853,3.5333073,9.247893,0
pres_Nf33bEypHFp0pwxZB8Br,5.6927776,6.2995057,10.459588,0
pres_NmqXNS7XQJi1EYZOE5pf,2.7159863,6.177298,11.018379,0
pres_Bm4DLnOGGv1LgY5f4bJN,4.061152,4.6200004,10.474352,0
pres_oJZ6ABPBuiozwbFGaJlW,6.9024463,6.209428,10.995156,0
pres_bCaJTopvfFM6nZnADdWb,4.6079535,7.6431894,10.801413,-1
pres_UbjPfwRGrVheRr8X7JLW,3.2356503,4.5368032,10.868566,0
pres_nWf7lRvtzdW1SiJRDep9,3.163622,5.8437986,10.829136,0
pres_inDUnh8khvjosvSQW8h4,3.2764368,6.1759653,11.313143,0
pres_58BUr6N8RyOaxRBfB1th,7.6212983,5.490985,10.45062,0
pres_BuD6uYV5TSsr2rQgj7pe,2.734365,3.6072645,9.355864,0
pres_bpjsehjX6O8v327MKIAY,5.1110106,5.933848,10.567075,0
pres_LIaout4mfKN0JDobqb37,-0.65248275,6.003142,10.17928,0
pres_u8sG3SgfFRTDKHd8JDuV,-0.4342937,5.1844783,9.407254,0
pres_VljjItilhoGatyVFQLLv,6.6454463,6.35734,11.294528,0
pres_HAicv7aNW8rm7KtoBkZO,6.3857636,6.1140876,10.8862505,0
pres_1dOI2msKtpElLN82NhpJ,-0.27705646,7.346589,11.1748,0
pres_49ZC5HXLCqiB5e0E24T8,6.4559197,6.2168355,11.300259,0
pres_v8L0Fu2pXcHL1nmGoKDk,-0.5890298,8.210541,9.687854,-1
pres_v4JdPhoUSkfe91m1Ntbp,7.5902934,6.11079,10.853815,0
pres_MwWyInknfNewkZaXSqoC,1.4813766,4.5829635,9.36432,0
pres_swbS7BeylGopF35Pmbhj,-2.0961483,6.8472023,9.976732,-1
pres_HQuNLpYbazsPnTFe1ySk,1.6984185,6.8111715,10.205083,0
pres_bIdl9Ot8gwxDOQLvaL5n,4.114518,5.6967044,10.827065,0
pres_AL6Ecy4Dz4qhadyKwfD4,-0.44396564,5.2496133,9.479744,0
pres_S8lZq4bGfFJT2vwEPvp8,-0.87764955,6.59539,10.464772,0
pres_iG1JmarqKEL3sevcJKqs,1.0017759,7.0261846,11.130762,0
pres_SF4Rl7lrFYFQ8anpEA0T,2.8778028,6.7316213,11.076803,0
pres_CEUmR5YEzLSYuyHTmeXt,-1.0130495,8.375425,9.61022,-1
pres_pVCUkDEgbo7ayrpXS1Ls,6.690677,5.271584,9.945354,0
pres_qpTqv9S1bKQD5EKH4PK9,0.20425124,5.063445,10.337165,0
pres_LlN3v4ndFXzVgfXASYJY,1.0896858,5.0713377,9.41848,-1
pres_PxZFlPj9sTSCKpitR4In,2.252192,3.5917168,8.979892,0
pres_fHrdSW4ckudRvn6iTbF3,4.061778,5.2521343,10.3192215,0
pres_dtgw16CDZtMZCeZSxkUt,3.4945962,6.512929,10.264558,0
pres_JF2qtfouz8qIPnc3IVhd,-0.6201501,8.104498,9.7147875,0
pres_Djj04W3MDhg9EvCg3an4,6.6078386,6.272026,11.300297,0
pres_y6xYQ08AX9DdsrfETAGi,-0.79144514,8.102642,9.767471,-1
pres_Gn80IYxp9w6rzQyNDrWj,2.3101385,3.5263884,9.32026,0
pres_bWFq7lhochgVheU5bFL3,4.842206,6.056759,11.126635,0
pres_cVDgNYwUdmYv4bbUzhNX,4.589565,7.0649476,11.477477,0
pres_OhsOyVrBSUna1am65chb,1.320248,6.928055,10.86108,0
pres_N0kKKHkcVriPvWCQfO01,1.1319394,4.364541,10.453307,0
pres_KgG35rbKYrjdeluLH7R8,3.4872344,4.4028606,10.654054,0
pres_hLawUYUg52pWROQfN5JQ,3.2677953,3.8124971,9.744276,0
pres_IBcXV0ZzozLNH13kpYrW,-0.4040358,5.636584,9.676298,0
pres_VfpkvoBwI0AD9R4FuL7Z,6.9431014,7.0189543,11.384221,0
pres_RohWLxnDhYAYy29PUM2C,-1.9347379,6.302713,9.908891,0
pres_4lvcCkREGzuypEFLzCg4,4.793751,6.2055078,10.225101,0
pres_nFa822CNkhsTGjntLgaQ,5.458324,6.9853344,11.519729,0
pres_i4szuCKSiWu4FmMaNPsS,-0.7423761,5.4239383,9.582873,0
pres_rmSZiBI7rEhS3u6Palz1,0.44172046,5.3597727,10.65931,0
pres_hwK3K1w1w2K5vbS4nc1t,2.0391216,5.6498313,10.55748,0
pres_Dr6hh50lxhUubAvfA8UQ,0.40111685,3.7842793,9.371389,0
pres_ZMg1JXEoEWOxnYEe0CJO,5.4219594,5.971052,11.181587,0
pres_aD1zMOGhKmtdJCyhZE6N,2.9920125,3.7989895,9.636515,0
pres_uhj9aOntOeHyk21VI1XR,-1.9619236,6.9478707,10.191789,0
pres_g9SI56Kj6td8UgEIX3qd,4.4129972,5.810316,10.507405,0
pres_O2mFf50mlSF6YYBzWPkJ,4.005825,5.266259,10.290458,0
pres_lf5e9oLVvk1UQKhzPd6q,2.6774848,4.1108665,10.2989855,0
pres_OhcxLvESWc4nziMCU8Mh,2.6494832,4.22959,10.419996,0
pres_qf45oHOKpZYWfmHXm9pK,7.20534,5.734668,10.603426,0
pres_2vlcZCLnUFYihVJiWVf4,1.6070302,6.2674813,10.023476,0
pres_RXZHHIlwAqO0pGYhwjR2,-0.76825017,7.220329,10.892101,0
pres_6xGHJlZudBcgqm08WMqK,-1.0355141,5.323977,9.622488,0
pres_etguDD8MwSzusu5OqQOF,-0.28583053,7.972819,9.830619,-1
pres_TG65Bm6tex7PoeBQEICk,3.0027287,4.7328057,10.938006,0
pres_esLhd344oEncoWJJ69QZ,3.2026715,5.661344,10.931249,0
pres_72KpPQqdO3tF4GNa5dPP,-0.39250892,5.081632,9.521289,0
pres_7wReoORIb1AwxLzrlCca,-2.0692337,7.212132,9.864033,0
pres_1OlPvWdGAOtX2tEUPqL5,-1.157242,8.435048,9.586525,1
pres_YBZHAkJcpIAwb9rnNlKD,0.2679108,3.756444,9.203933,0
pres_LJUd3bwPt65mcEBW9e6p,3.9296014,6.358531,10.789312,0
pres_qT6Lb4Ap3ZkNQZJr7sP1,4.1890407,5.707011,10.803909,0
pres_9v2jqld84Mks79l2sfO4,5.1327415,6.0300245,10.613271,0
pres_STXU6TxDyWt8QIk0Z7CU,-0.65574014,6.966398,10.485761,0
pres_r8jkDI3dN3UztJKfvv2r,-1.1083866,6.8750844,10.622745,0
pres_6j2TWUasSGy1iKdXQL3e,6.4807734,6.729454,11.6216545,0
pres_e8WpwAfE6U2HcXVDfvEX,7.275333,6.9936213,11.082023,0
pres_KpjcW5SZkCd96WQ3ldvq,-0.10085067,6.2036924,10.579535,0
pres_jrelSoWqF3t38HtPTXil,3.624866,5.6207886,10.407321,0
pres_hxl7NKwrmG0woykCt8wy,3.0389345,4.2909074,10.334774,0
pres_aYeF3R0ipDTTMhUKwMDH,4.3173823,5.8064127,10.143324,0
pres_vfEwVlaHSnaUAhwjUbtE,3.692077,4.5168962,10.369174,0
pres_Vp0L2HvKQ2gWQ12UTHmM,3.8871849,6.3716908,10.170547,0
pres_2RqetrzuBPTKlnKom7Ll,6.1466265,7.0117006,12.041413,-1
pres_k2Q2R7p6sRIUEnUN5VRr,6.7513075,6.96354,11.146192,0
pres_uE0uG2tZSBcLppKDgusO,1.2261529,6.8933964,10.69841,0
pres_FzSd0uqnNr0PF3X7uZbT,1.4841586,4.788818,9.519597,0
pres_AEt7V6Msnzy6D9e5wXi8,0.3807888,6.915729,11.350848,-1
pres_SYxigubnKxMZghxmbRFs,1.4221978,6.3378763,10.697281,0
pres_lSDgUGuvneQIeNfdnBAi,6.9988346,6.7875743,11.247205,0
pres_DWLI8BXuim50NdarpiFS,3.4252498,4.698543,10.837819,0
pres_hsbeH6tnhg7ZxlObxANQ,5.8594303,7.534636,11.269076,0
pres_8rUadB64eLHpa4PbMewf,3.8783891,5.8900394,10.338652,0
pres_QBrcvPiMbD0ecSyDjPFN,2.5412724,6.034941,11.337163,0
pres_CNcCWYGvbwx9ZD0oo0sz,-0.8966786,6.343305,10.219111,0
pres_Cqeb1SbAgWdtlikPQp3A,-0.04776336,5.6712637,10.162069,0
pres_1wPWmT0fPugVMhfBHFu5,4.349518,4.1711416,10.328554,0
pres_Wu26AKcMSO09auZ3FLs8,7.635265,5.884658,10.718429,0
pres_ByCytDKdgA79QuqsZMbv,7.1421437,6.975333,11.232122,0
pres_Cm1wjoB1ibiJCnTYKAI3,0.3475877,6.357584,11.117371,0
pres_f05I8TffIJFwdO6VNqz4,-0.43211883,5.517482,10.0535555,0
pres_WNmIvFVRqTwLvGO1GTiy,-1.3606297,7.131747,10.658131,0
pres_0oSr7D9NBid0GR2eZ4FV,1.2310061,5.294621,9.745112,0
pres_DPheuqpATUOEOsbMu6hx,-1.727261,7.3263383,10.049705,0
pres_xCQuc2OXMY3ORAM0lVIS,4.808365,4.8739758,10.97077,0
pres_PbGRfwPjBOyMywSNl7BD,1.8816848,6.6870584,10.235759,0
pres_2NreZZnRFaLWwbhEQCGm,1.293109,4.3936687,9.459834,0
pres_f54GgNpAefPdsQG1RrgQ,1.4667493,6.1490016,10.787019,0
pres_Z8HhHSfbEWREXmTEiWBi,5.275241,4.209859,10.31289,0
pres_IWC98VxH6sjQ2tsYGY9I,3.673599,6.2961807,10.375236,0
pres_fvlTz6beR4C3OrKVJ0wR,7.6344633,5.487915,10.482031,0
pres_UJHKWF4k2poDVWoTQjhi,0.83837825,4.735789,10.780573,0
pres_bLRB03h7X3XBQyudboB2,6.1519322,6.410923,11.378237,0
pres_7fMuPUxY1sRXgfmaHmJ5,1.7109939,3.9971488,10.866345,0
pres_6yNSFEa4gDk1l23HkXZK,1.4575751,4.562483,9.532197,0
pres_qfkUfivopQvmXRJlh5ev,5.2083535,7.521312,11.26908,0
pres_i2zLRXdvhHhMuQFHgqNs,5.5858903,7.6881742,10.941209,0
pres_myXFNxk8Z89hBQrZNimz,4.2915773,5.9645844,10.335898,0
pres_JjO2h6lvOVVmju35Nu7c,-1.5568485,7.1735387,10.364199,0
pres_rbtft1e3oqe5AUtJtF9U,5.3932676,5.1592717,11.074676,-1
pres_NNuUH1DJ1z9QUMnWmNc6,1.9994314,6.924267,10.743302,0
pres_BzMLtC1rdvd2Baf06QBs,0.57554626,7.1015263,11.273813,0
pres_vhBoQsyG6rU4B7z5Db72,0.16807279,4.335951,8.862852,-1
pres_TyWzIqmNxUiW2ZvrQn9l,0.94476026,4.2329907,9.816032,0
pres_IWTIMEIt7RcFnPVzie49,-0.18399541,5.1606855,10.144871,0
pres_8yxD5QP2HVNbbHOmNvEF,1.3699356,4.895233,9.222725,0
pres_JBlUrrUwy6HLvzxrVST8,3.7507744,6.218646,10.895762,0
pres_6dWY7DGpTdhFTJLlQPai,6.2973785,4.671824,9.802758,-1
pres_aLGEaBZeUmY5MaTnIkcv,5.022248,4.6602097,10.756054,0
pres_SafzxVKWYrIkIzR2FSA6,0.59872115,7.4260054,11.214378,0
pres_a15GnxwYsK5DqD4jfsJo,3.4337158,5.3227515,10.324335,0
pres_lAgtEpQC5Na84ArFWxrp,-0.4184037,4.37162,9.430662,0
pres_ojGa3ZUCuQu2LWK0BsIM,2.0899441,5.5058637,10.030573,0
pres_edNTI5z870IonebeFsjN,-0.85383606,6.280055,10.695241,0
pres_ExvV8q9yFi4b3pwRSKSm,3.159335,4.9311085,11.015795,0
pres_RKSCCaMoVdnOZhhyUn8e,0.7886398,3.6523829,10.078834,0
pres_ifmrFQEXRFmgxwUFsDgk,2.4055834,4.1677833,10.174818,0
pres_cgEZsdA6bkYLnc5HydJZ,5.5575914,6.867749,10.982203,0
pres_o5ggdb57ZRaAjmZNk7Ut,4.196026,6.7383924,11.549818,0
pres_1DmHgSTJf9wVfLNyRi9u,0.4385505,5.184269,10.5680065,0
pres_7LVlS3GbCJv0ONN4bgEG,1.608272,3.8034267,10.880584,0
pres_pGCD5JNid3oK0TDHMBNy,0.16686574,4.368832,8.903003,0
pres_1Y1Ijy8vwKzdeq7RPxih,-0.78305507,4.7951026,9.23554,0
pres_0KdhTY6rE2y9BWcOhnXm,4.6069417,4.3945117,9.721699,0
pres_k0rzLsMplqkKgimfYcke,0.6488399,5.1425056,10.8980465,0
pres_KJp4GJIEcvlMpiT7iYHG,6.8556814,7.369744,11.222398,0
pres_Qc8z1PcyJzTxoGkHI1ed,1.4754263,3.5904098,10.801066,0
pres_pAJ6gkaRgX3OzesDZRAl,2.9249146,6.158038,11.441645,0
pres_uQTpY5SVF3XEWTteujak,0.71419513,3.761182,10.139681,0
pres_SUp6zmys3zH1HUUzFjh5,5.3994,5.3740177,10.340317,0
pres_eL44ColKo5nM79B6jru2,-1.2319534,4.9125547,9.262864,0
pres_W2VD1arR5C8M61WraocN,2.7552826,5.8763714,11.179282,0
pres_VidWd2I6yELS02uFrlJ0,0.96954954,3.934298,10.239097,0
pres_7hkiltDKZK6o3FFuk4gD,-0.65811336,4.526388,9.536195,0
pres_kv3VhWy9UbBKBwI1QrEz,6.869052,7.4058766,11.182032,0
pres_PMzsAIcmoP8mYzAZKdcG,5.8285704,7.1209054,11.85452,0
pres_iSefjVU6a8e80vp8rf2O,3.7678628,5.4716663,10.424914,0
pres_aXG92mRwNQiyBxt6dF7C,1.2179793,3.8967245,10.866019,0
pres_zdpLYDEPaIbwbx5Nwm5i,0.071514286,7.541293,11.174516,0
pres_EKgEv5t4YwzEQBzz5y0f,-1.3348702,6.2688584,9.823345,0
pres_o09DnqByuxglkWCXeCwL,3.6767864,6.4708567,10.380251,0
pres_ZanbNumuFn36v78PKfRO,5.02381,6.250116,11.464541,0
pres_aZztMaLDVxNqS8tP8WUR,-1.4022098,7.3877654,10.544868,0
pres_Zikwesi5zkIuqIAFZAAG,-1.479113,7.2350035,10.312246,0
pres_tSumA6HEmnTSM0OLZdiP,-0.4286026,6.3637137,10.510024,0
pres_Zshh72WnMHgowUeRtLIz,3.33264,5.2780766,11.108201,0
pres_BtQKds8dIBRc0nOlWKNy,6.1001496,7.152026,11.725581,0
pres_aEZJGnIKKsmxb1nXGIjp,0.9695452,7.0505247,11.187694,0
pres_GgRyLsm23OGgc44nhsWy,2.1251183,4.3087378,10.4080105,0
pres_80lsznFwTDTGT3ijJQtO,0.5179966,7.2818546,11.204471,0
pres_PqLe0ooBsPZDZXr267hg,4.5319796,4.1949906,10.433243,0
pres_JRJx0nRC79zV8MPQpS7Z,-0.7456815,6.447916,10.586665,0
pres_fQ8eW4xqkqAJfGFwdIQy,6.6431055,4.961067,9.810687,0
pres_Z5vEy0FlEnshu9IKv8Bj,4.6919527,5.7497945,11.464197,0
pres_6luQRQxjzE65axaeHOAp,1.7848289,4.335753,9.750542,0
pres_d3FWorEk8stBiH7Qt60Z,-1.278636,8.14269,9.722366,0
pres_8gilj7z0VgDqnyw9n9yN,4.267811,7.0197544,11.468272,0
pres_yf9Smaq6pXS0eUBF7iLk,4.515329,7.464263,11.055826,0
pres_qZU9FJvfrpuJes4sjLUL,1.9851317,7.201954,10.637758,0
pres_XVYTodCTKayMElQnbD8o,1.4185579,6.494186,10.923646,0
pres_kFLvOMAv9nCodoKW4w7o,3.8788984,4.7648435,10.73361,0
pres_0PTVeLFTWkXORstPyirV,0.21341518,6.11334,11.066894,0
pres_SIIfCv5lLRVTXT5aAikm,-0.56664956,8.233074,9.654352,0
pres_DMQUsXDcygKC7mEXj5m2,3.9621542,4.4927416,9.908643,0
pres_Nz0qCwhcbKKmRlB6qEis,0.71040064,5.101625,10.835455,0
pres_W7B5pLFTsLSFqLUyZgiL,7.429625,5.253204,10.277098,0
pres_hifeHMaGqLnab7fNudQ9,3.6592572,5.5554485,10.366784,0
pres_prZGMcjAWdKqrR1nKgoI,2.1909142,5.457842,9.985888,0
pres_nlfPU8Rne3lTYfAaAXcY,4.0721874,3.957282,9.92117,0
pres_mD8bmG4w2bQKIJtgIQ7A,4.9794865,6.378674,10.220973,0
pres_XYHwFLvKbIVb0aOG8Wo5,1.166999,5.0027046,9.457728,0
pres_29FZDZ1Kp3rzrRLy28Ri,4.4699273,7.536464,10.9328375,0
pres_I3MoykU8EkX60aA0Mo56,-1.8842179,7.5008364,9.909808,0
pres_d1QWQSlshp7AkmdSq0fx,4.4767094,5.36103,11.43235,0
pres_4tbZrwy3AxlHdT4ct5bV,5.210947,5.8069496,10.46662,0
pres_Fd0dbgJ4MJS6ZTXRbsrn,5.254862,7.074645,11.336594,0
pres_euqGbHyo4HHAH1caE0Le,5.3045774,6.957246,11.318865,0
pres_ya36Uz22DTNJmoqVLbfn,-0.09433,7.3375463,11.160637,0
pres_sDStcJO1QTjYKS2ZDPpq,6.422648,5.430665,10.608589,0
pres_yOR7MChqZy9JpW7hjmZG,4.845939,5.909826,10.483805,-1
pres_9L9XvBT7WTUZOWjZgNXb,0.8547018,5.1824846,11.048083,0
pres_6ojG9rnlPn1XUZlKpBJ7,5.3360534,5.42878,11.3192,0
pres_tBPwcA4fdJEI2rXhSxiR,-0.26101547,4.317646,9.439844,0
pres_we64n0tBuot7u7sgmxp4,-0.6930652,6.551696,10.52932,0
pres_tVzYXcMQL0S7fl6CP75j,5.5393343,5.024079,10.224911,0
pres_roX7Tl5Jx7caPs8IxhRB,3.6548007,6.71283,10.303895,0
pres_nWpRlEejsJnUYpsTcTNz,4.640293,6.2444487,10.202558,0
pres_U3GLHjV6v8p20sCn7vFP,1.7549069,5.833959,10.15524,0
pres_fjbOHYrPSYAFRFoo4Ae8,6.5003247,6.817814,11.72053,0
pres_PzjQ6mPDB8G0woqAXnL6,4.181884,6.993088,11.443926,0
pres_DQdqbhwfuun2o6bwPFOd,7.3093066,6.9965305,10.954019,-1
pres_WoWGZ48qFfdfBqhm0NI0,0.43960556,4.6954017,9.247547,0
pres_Y11JNPo2t1nObBiS5evv,0.45607653,5.216925,10.454573,0
pres_UFo50gV5QLk7A7zaQ5JC,5.1386795,7.544652,10.849325,-1
pres_BpkLpFkhDUPyYr50jxlK,5.8417435,5.0837235,10.715718,0
pres_WAIppCE7yIqUNj2apvaw,-1.6287607,7.4724097,10.417473,0
pres_6Thyx3ygdHhf5i9ykp47,2.9543624,7.363483,10.425925,-1
pres_ZpEl2xlNeykv2sRQ9ble,0.20698549,5.619345,10.499792,0
pres_CT0VeYVY1mL0r47MUmFw,-1.0552057,6.4580173,10.179726,0
pres_cgsBjhpYgZqVwd1c9VHQ,6.193714,5.894619,10.538722,0
pres_n5kMuJyXIUjoxL84Et1i,-0.5114738,6.2721696,10.237836,0
pres_BEiMWEoxpUmtmE9nVkNu,6.5242023,6.3744235,11.2746935,0
pres_0HXPaWfOOpu04i9stLcD,1.7695694,5.7242684,10.476352,0
pres_0rFqd3F72Oxsz0nuk7xZ,6.622074,6.251779,11.03014,0
pres_kBHfHYTcjasQtS2czWYR,5.2599688,4.4905024,10.600656,0
pres_q315ULtmqDykWSPpXwVp,-0.6922026,6.5458,10.874097,0
pres_EuUuTwMNM6pNi1PiqbrK,-2.0189595,6.7131343,9.951464,0
pres_Hyn3Z7k0inDRubVKX8ps,-0.42135426,5.1611147,9.387989,0
pres_I1Y4QfF7LqQJmrGw2xXS,-0.78075004,4.07163,8.910467,0
pres_316VxmMHu7mU4Yiu8KKy,3.8726916,4.785778,10.824066,0
pres_cAZbK1oE8k0S2YMFCErG,3.5373516,4.524087,10.779805,0
pres_TwFnaJVakw9Tb9ToPq2E,0.7993934,5.391133,11.240985,0
pres_k5olBi88b3ndPS3u2BKc,1.4894168,6.4470205,10.999391,0
pres_s993Xe9vFfDp9ED2Cnlh,3.7003267,4.1194086,10.22226,0
pres_owI1KkNP1RnhxiLhTDyK,3.6790252,6.258844,10.141306,0
pres_xlWcSgj2VGGggB0D5CnL,0.70286006,6.2097454,11.233915,0
pres_LO6dspF7UdknrItNYSU1,5.2756195,7.0742097,11.399826,0
pres_xlDRHYI7Wa1nVplPpnIg,-1.484423,7.2838655,10.656242,0
pres_lvNtbihjeDIoszZbFlDq,5.5355215,5.0938234,10.261388,0
pres_TN0doB43RiLiCnrCOshk,0.5113189,6.1227493,10.77595,0
pres_fMnHFzB4QhDhqebplxsG,3.6569605,4.5216966,10.618741,0
pres_xoYE8F2tGO2tHf1sChGS,4.083429,5.16929,10.51741,0
pres_QqM17LXDADOpXTCSAZhE,1.0746291,3.4770427,10.245279,0
pres_6ZczETdqc7MX0yhRK3Mm,3.0196428,5.4589624,10.827472,0
pres_SFa5z6a2aNszscIBufj5,3.6128488,4.6428533,9.960559,0
pres_8eA8SLwZqrE3ovNlDF4s,0.8865973,4.890573,10.847465,0
pres_tllOxTVdfamWTwf6GMSD,-0.0683642,7.0407534,10.962979,0
pres_Y5kBhU2fCRUUOtL4UDcp,6.1527834,5.2969775,10.295611,0
pres_9dudpZqlZl3f8Oa68PbQ,2.9407456,4.0308523,10.416146,0
pres_k25Vd22wJQGLjJnJRNoG,2.9609704,3.9525788,10.003895,0
pres_5OV8HyUMTODfqNc06Oev,-0.84844565,6.2849064,10.30923,0
pres_MOLuFoVoyPoqIVO3Sgrp,3.143837,7.1999593,10.918679,0
pres_IT6miMaaIRGqelcPB3AK,2.1732028,7.220239,10.597551,0
pres_GkenJ7nhgmN6X6Ik9K5G,-1.4586037,7.116555,10.492427,0
pres_nbGV3jjPwvcl17UYW48A,0.9558955,5.77297,9.920393,0
pres_JozJdn9YZ2ZDCUXafTP4,7.321953,6.2613773,11.181668,-1
pres_bxzsmvvmlFauLPKHZCo2,-1.386236,7.124386,10.4772415,0
pres_FsCPsdIBfIrtbrWUhoyr,-0.641268,5.3131275,9.90646,0
pres_fMGLA0NXLo6alZD8wSLA,-0.6137823,5.8901844,10.51503,0
pres_kP0wlQfWjPEran7S72me,1.8271939,7.365653,10.752439,0
pres_XarLgw1QadYhDAKaUtKb,6.7042737,6.990815,11.387091,0
pres_tebUIDYMFD1ppXnU1Dl2,3.665067,4.7939,10.799406,0
pres_8chLY0gfc1BoDxMgiT8N,5.096768,6.8715196,11.341112,0
pres_JMXGCZz1607hef83gja5,5.8386726,4.9278016,10.82876,0
pres_ALJzDRul9YgNgmGLre4z,-0.4871003,5.496655,10.203751,0
pres_BA3TuwJ8RMMFuEP8b0Ob,-0.06600364,5.1118608,10.269631,0
pres_mH5tpqFZgwplxNTiBUZF,3.3860352,4.5632725,10.749308,0
pres_CGyzMAfVZZcKdM5ZsSOG,-0.54312,6.799917,10.932353,0
pres_PM6vnzkCmNatYA8M7Pcu,2.879341,6.3137097,11.339926,0
pres_ztvtY4B8QvFqomJNZ9pK,6.2840705,7.033411,11.55541,0
pres_RGfzwu8aRGLBrZMt9vLE,7.3815565,5.2142906,10.449088,0
pres_vi7akbuJ0D8NwDd6nGXU,5.7839637,6.587864,10.748126,0
pres_8Z4hoKA9aBPj7N2JTauK,2.1242735,4.352123,10.187289,0
pres_fhGmSZkhEqfNNHMPkmO9,3.5261254,3.729051,9.881901,0
pres_rVV8GVSHMHhtTpBTsjXI,1.9680263,4.262161,9.749561,-1
pres_EdkgN1QNVoRK5FE8i4nJ,2.0505824,6.66836,11.288063,0
pres_bLEt9YHQKiEw66vy5gWt,6.2366853,4.3487854,9.519161,-1
pres_z3F5H9dzEyEnrQixxKah,3.6933587,4.4143906,10.666696,0
pres_6MdN9r4vMmxyYsxXV8pB,5.3362694,5.7775364,11.381977,0
pres_6WK0hsGz7a7RIUOY5tk6,0.57277393,4.305533,9.534915,0
pres_UysjEaeAorGL9mwn0PQl,3.8351834,5.7838345,10.373214,0
pres_n4eRvIT5kBOsJ65U32r7,4.362701,5.3054423,10.247779,0
pres_DMIVw2BxEYTBbdQWkUtO,-0.06857101,4.086686,9.616053,0
pres_blnuJjcPdDoZkod0pmmW,5.7932873,5.2092843,10.60386,0
pres_Wu2YSENdnzx19RA1jvvF,6.555483,4.6266265,9.56723,-1
pres_S7tuuQvNBlQf4cVSdeiO,4.6495566,5.4009748,10.201489,0
pres_EuYDMmgSYMt3tnKVwEXl,3.6990929,5.631039,10.328942,0
pres_NbF59Efp1boqV3VTA8Ym,7.3960257,6.6613173,11.052039,0
pres_HIBc4GBUQLKw3xXbZ8EJ,2.2813709,4.233845,10.751558,0
pres_bvpC8i7ehyC033l9b0p6,-1.4556562,7.178577,10.4458475,0
pres_9XeqRGl1Z3e6ONtbQ7JO,-1.8479289,7.0754757,10.347041,0
pres_PUDT7xkmSVAFbpaaQyoc,4.9424644,7.3106313,11.637193,0
pres_HgDbQXJRB3EA4mPWJmli,6.2649775,5.490023,10.3478155,0
pres_5G8dRGdNXAolZmN3Ctvq,3.0726788,4.2786517,10.110566,0
pres_3CUXyPAulZWi0XGQ30ge,6.8475966,6.5898986,11.473922,0
pres_uhJA4CsR3O4QScZEhb8E,3.234236,5.2469077,10.984876,0
pres_2NOxHGDkA5lZqL5htvWu,2.60774,3.961061,10.1608715,-1
pres_ScjsyHRr9EZUB5AKdZGE,1.5107166,3.6794703,10.501797,0
pres_fzRp0n4A2tIvdOnQsxiP,3.6886613,5.990119,10.283894,0
pres_c7rWfzCnSembmyfMZDyb,4.419693,4.41496,9.907269,0
pres_RcWDvHFexUjfS7rCg9b2,6.651086,7.396382,11.384234,0
pres_LY259w43VXDpWrCBYEiW,3.4886405,4.7057376,10.848688,0
pres_6n5X1Aa7IDw7CHBOMc3a,4.1017056,5.100741,10.761045,0
pres_dD7ps9SRNVTXcq8kNoos,5.7971277,7.3160295,11.597002,0
pres_tIEEdJySkdgnN150SS0c,1.0259699,4.561984,9.329105,0
pres_G6EMnKmWhn38EaVvzFXa,0.84152,5.768553,11.428374,0
pres_KBxrT9KAQUKwL0Zln3sP,5.508588,7.17958,11.356333,-1
pres_z2CSERxSwNfqoA3RmNL6,6.125961,5.6069317,10.256039,0
pres_aJNdTnvogYzvZaETk8dV,-1.3455704,7.663905,10.854716,0
pres_jsFEowHt3SBqJen6p3MJ,0.5927162,7.179181,11.157141,0
pres_IPQC5lvd2b2AyoWl9hsd,-0.7033007,7.065817,10.911807,0
pres_7J8mNbDL0b6AEid2PUJh,2.142432,4.179943,10.077772,0
pres_TS6fnmb4EUcqwHp2GW8A,3.6767156,5.0836816,10.947751,0
pres_E2MEGN8SLpdwFWryRgWk,0.5972636,7.253012,11.315658,0
pres_ciadooEcQ3ExantPaV8Q,-1.339345,7.0557632,10.595541,0
pres_O85wXehZboC6vYBoYx2V,-1.4516673,6.4367733,9.755371,0
pres_FDzG7P6TF9GSOIbBJCZg,-0.9344536,6.07343,10.462824,0
pres_qCXxBHB2wGeoHrHSGxID,-0.45199746,6.469618,10.509615,0
pres_NoIl8yxIo5e5f27rJlPR,0.93849605,5.7059317,11.467669,0
pres_Vx9jOX3aNtvWGOCxLSD3,6.4510856,5.2220407,10.385455,0
pres_iSefgG7GzY6GmT76Iau8,-0.94521534,6.899704,10.504962,0
pres_2oBTXndHtDoKHfUwGNoL,-0.17457306,6.3072877,10.670098,0
pres_aJgQW7vsAaK8DpTrHRYO,4.673642,6.361932,10.17195,0
pres_y7HDd3lqNZdnI8sufdBp,1.1193091,6.602517,11.546241,0
pres_Xf3s8HjcR99sUugkeCe9,1.0609494,4.391153,10.717281,0
pres_apUnJssdkXJ9WFXIbqyK,1.629575,5.782455,10.184186,0
pres_HFy7scaJmY6sWqBknCLF,1.7761204,7.314835,10.738963,0
pres_VjEEzOPAhewKI0PonEnP,3.3529413,6.985398,11.133373,0
pres_sFWeGqUM7K32aGgImafL,-0.45383292,5.607756,10.21786,0
pres_zoHeB5r5hmGgNGRcpOTH,-1.5376915,7.0484524,10.322525,0
pres_4jlxVFC58byQWLgfEwy1,0.046745896,5.662901,10.074546,0
pres_bky68ELuo0qf8xzdTCWC,-1.3453394,7.2100725,10.438842,0
pres_rB57Tk33KeMYrYEe2lDm,2.6411324,4.9575973,10.258561,0
pres_zkW5256A5V4H5KbNWqK7,2.7504718,6.020114,11.398994,0
pres_oj36Cuu8ZFn1MgMqd4oK,-0.42946675,7.107547,11.021167,0
pres_ZoMorYVpoXbRdrldtSdZ,0.7645166,6.1473417,10.3532915,0
pres_ypVDp8uGFbGmroJJWC46,2.479028,4.441857,10.499997,0
pres_4AnaVbOTgZ0MbY45jST1,-1.1042367,5.097736,9.369102,0
pres_Zf2V7saJdkKUVayPUqry,-1.0600249,4.769326,9.202946,0
pres_eT6pZONTjO7FoTaZqkd9,3.751075,7.4727683,10.789802,-1
pres_Holrd3c4p6xDpj4x8GL7,2.5373752,4.157278,10.294939,0
pres_WlNsDioezA4jCpXKPXaO,1.689704,4.726877,9.527132,-1
pres_LYr54x0WWrqhRi9Ksx74,3.489623,7.153101,11.215072,0
pres_d94XgD04b9H2LQZQYtuZ,-1.182985,5.2522388,9.446245,0
pres_STueu9WxNRhzt08fzw4l,-0.7127202,4.8728642,9.287914,0
pres_MWFem8QmFOnIUktFu5de,-1.1795337,8.473149,9.568237,1
pres_2WvZose8ocpcsYBNh3BA,5.4303217,7.0705113,11.771397,0
pres_MEZYfxnin0vzLYGzWnTG,3.4877927,7.237173,11.105751,0
pres_WrIOcNHfmKgmbBT3gbwa,7.3723426,6.2488785,11.150236,0
pres_5KJEYXd7yyekjihbGFrf,-0.5920347,3.92819,9.005254,0
pres_TMpOEAF49vu8nlKKuelT,-0.62875605,6.7336955,10.548423,0
pres_GPoSnEOjz3PcR9ENgtnT,1.9816971,5.7217245,10.070456,0
pres_uKUPpVNWh6aukgu4XEVR,1.8857238,6.9455996,10.205047,0
pres_bA1dzHWYIopOofBJyif7,5.1313114,4.9698997,10.814198,0
pres_PxeDS4hpA4j0BVZHtQA0,1.8395698,4.8622656,10.974478,0
pres_FUg0arKUYKAI2CtVClYt,2.4047644,6.636009,10.761079,0
pres_3B1Xr2wIPdZls2kfZyYQ,4.631721,6.3517923,11.464321,0
pres_TWH78Rkb1EHEqyD3tx6d,2.9951622,6.490991,10.405117,0
pres_XwT1euQ5N0YsC9vslOTK,6.9504642,6.63291,11.315146,0
pres_ENJ9Tx43PP7h6FmLaL1U,6.487811,6.354765,11.295778,0
pres_iBTp8EuTixw51jqYMEaa,1.9115485,7.2810793,10.711789,0
pres_CCya5ung35TM8G3zxqzj,-0.22938074,5.5205903,9.464124,0
pres_RvZkXheG4rm3HKFOf71a,3.1711316,6.966956,10.671597,0
pres_5OyoQhISitiO74YMmFJU,1.4089427,4.346003,10.875914,0
pres_VM6cCaAGKWb7cwHWNhHl,2.9785583,5.339668,11.008243,0
pres_hJnesbtmg6hjQRdRr9gv,5.5759144,5.158463,11.073823,0
pres_eeUwUczvdJaFEumw3ynz,3.8100843,4.887993,10.745123,0
pres_c9sEK4dzjjVF2EBW8xxs,-1.5066257,5.138805,9.172903,0
pres_4g6X1KtwMBrxaV0sOaKg,-0.14449205,6.297952,10.483695,0
pres_CUVbjBfSaJrWx9nkUQyx,3.8025591,5.549077,10.468409,0
pres_Yel9L3yWgYqEaZCjCbgl,1.0917093,3.4665382,10.189714,0
pres_kPeoI8YMIYI1BD6iJxTV,-0.9616971,5.0406613,9.109913,0
pres_KTCzv4iFOvBjjDgonf8r,-0.6085194,5.7673125,10.066567,0
pres_wwDoQE5ULzl41CwCpIq5,-1.2341814,6.493517,9.974497,0
pres_iEvSa8cv952aj10XsiGs,2.164647,3.5630176,9.055039,0
pres_UxiflJiCV38CEMLR5mtU,2.075792,5.2133384,9.083301,-1
pres_h8QtFj4lQ8CQJ4hXiDi5,-0.20702752,6.796939,10.635518,0
pres_JnTZ48Q4psetpS0mraqB,1.7211436,6.275892,10.421599,0
pres_OgIkGYC1V7JnzRMeVktK,6.352662,6.9708376,11.70523,0
pres_y6FU7c63ZM2YDqAlGBjr,6.046203,4.833179,10.63671,0
pres_ZR7HGCd5sZmtCQFyQD9t,0.81484187,6.3085704,11.366155,0
pres_Lnc5OVl0dysAnk9CBjTN,-1.3263744,7.1179996,10.231908,0
pres_esN0tibRwKU7RnAWgLld,-1.41924,6.984975,10.555361,0
pres_GoWUlgIEXARsaaHNyFiY,5.3242335,6.942381,10.873154,0
pres_qHBRwQhwVEN4NzyTTifC,6.744805,6.1368566,10.998203,0
pres_nyRWW3YKENvKzKDiDeQU,0.66084516,7.133625,11.413839,0
pres_8J6mmT0a2UxO83VJzqZG,7.4414926,6.5688796,10.804365,0
pres_gVsCbaDoCTdH0Y3TiKfq,6.924709,5.519606,10.441705,0
pres_AOdraWsLRclvURcNjUUP,4.0081816,5.4637995,10.775439,0
pres_ZG8yKuFd9NCNrGPAq2Hw,2.0224948,4.31024,9.940309,0
pres_RCz9Byje7JMjTSofepZo,3.9564974,6.0255733,10.379433,0
pres_Phuxa9PmpMReP72kwrvl,-0.19237128,4.789207,9.815699,0
pres_e0un25ksuzHn2C0TXx2Q,7.063142,7.3774266,11.075346,-1
pres_O5FBvNRHJiAgV2e5UgOn,0.71504396,4.247343,10.170886,0
pres_TfXgB77RG9TvgIDsPN4K,7.0812993,5.354688,10.142505,-1
pres_Lj6mPlUwuLB3EPlCysSt,0.88315135,5.959421,11.088123,-1
pres_8cFjd8Z0uIcS4J9wSP2I,-0.4907983,5.507542,10.053177,0
pres_Z4ijSJS3gddstcv5QICN,6.4275513,5.2449737,10.372986,0
pres_I7rEuQJn7SnpoEOSZD42,3.403938,4.372628,10.346523,0
pres_2xd50lSV5kpN7btvoNBD,1.4733931,3.67099,10.87335,0
pres_bI7s7QM4bZZnkNIDfC7p,1.8070587,5.892681,10.445553,0
pres_8atEWMUEdQCvNtQTrWWL,0.8187746,7.3814135,11.309915,0
pres_epLofkJY7V8Cb8vw5ruw,2.8791385,6.78754,10.023751,0
pres_qrfvvMYUI7pmU3ZQS4tw,0.003832261,5.100221,10.079481,0
pres_LFQeSqNuMuhyRR2f2eCv,1.3295255,6.878149,10.636645,0
pres_74XOWX731AC7AAob6lKH,-0.13337992,7.061968,11.070206,0
pres_4kc3K1a7qwUwhhd3tEEz,2.8964744,4.6920094,10.581368,0
pres_BSLsy65o0z4B7Y5RPwSM,5.829064,5.9076614,10.528212,0
pres_IpATabpF544gnnyEcFhw,7.0515423,5.26983,10.11165,-1
pres_aNO01eaoeKlsS5M2O6rA,4.3142123,3.8762896,9.666473,0
pres_3R4xmEgNbittKYm1162o,6.214715,7.1433215,11.674629,0
pres_P8WGh34vcL29tter95JN,2.6132154,5.809301,11.2503805,0
pres_Ks43ekp7Jrohd0cXy5wy,2.0623045,5.5436316,10.011957,0
pres_VYp8f0hFOxnHOX7v3JRW,-0.09586397,6.078672,10.557385,0
pres_sW4VNxI0VdSF29CJ36XR,0.84292233,6.5026503,10.535585,0
pres_p57u3QuevhpYYsmEhvZ2,-2.173704,7.1203804,9.975921,0
pres_fKpwTN8KjSmnlDt2F78v,5.0094185,5.533382,10.199413,0
pres_POrDubtAeMa60K9jbh4t,1.5615021,5.3436456,9.57899,0
pres_FPqDgD9eIC9bZrmNZwCB,5.1894145,7.483187,10.97251,-1
pres_RqRb3VWApfIr7jzEtYQv,1.738946,6.737715,11.349325,0
pres_ReHNCyBfOIBSV6yjotWl,-0.026132738,6.0929117,10.925735,0
pres_bHbIoPjZ7v52nyvt9ZRk,-0.65459174,4.977202,9.4966,0
pres_GxoCHCF2wVwTeMkmTqHw,0.013062017,4.848337,9.54807,0
pres_sMDihBc5Qy8JgI7Fm0ku,2.2443419,5.8269453,9.961012,0
pres_sWHwRJYVQfo1W6Q3e6Ro,2.4379096,4.5721087,10.282993,0
pres_T3quAVZuNaArXNvpGo0K,6.584412,6.13514,11.035914,0
pres_2QO3Ygez4LZfm84Cb2Tg,7.0782566,6.303682,11.058195,0
pres_8iWGhsEbN6vPUxPoH80m,0.07107749,7.0084066,11.002468,0
pres_Pkp70ltoayU2NcZZAv4N,4.933701,6.0942025,11.314248,0
pres_rIYRLIrCiQb2NH9yvC2G,1.5958456,4.948294,11.04469,0
pres_BerDakBHNtEkXpz9kTWF,-0.8473119,5.991074,10.527415,0
pres_bwADwBUwlvFCWP1wkSnv,3.7585995,7.4588723,10.649005,-1
pres_o2XL6Hc2OfL7D6IkEZlV,0.33775768,5.8308816,10.917467,0
pres_zw6aJfucbsnlW7k8uBbE,1.0780464,6.6913834,11.207126,0
pres_kso8poSqN5afej0o5wUc,7.2604594,5.1462893,10.145263,-1
pres_DsZCHXmF6IbwBjFxSxfR,5.0209627,5.6480794,10.274341,-1
pres_QHAVMDMenmX8kvtdqtOk,4.310939,4.165352,9.644342,0
pres_c4QF8KcBfm4n9HFpH0sc,6.1447625,7.105509,11.768377,0
pres_6EmVDOtW9DejQ8IF5N84,-0.71308017,4.1013126,9.029908,0
pres_6G84GI9J8DYXRTDhGrLh,3.2203379,3.7186966,9.741815,0
pres_IvcHSGNjszRZ8yIPs7Af,-0.9593512,5.788392,10.029484,0
pres_eZYlt9eV6BP3pxvZSQu6,1.2716504,6.995425,9.910341,0
pres_KG3cgVRvfBtBqoAWJ5wp,6.3865857,6.5247297,11.409238,0
pres_aEzm1u40NKBZp1BAZJ30,4.378977,6.2231364,11.351006,0
pres_r9QPdv1RZDe0Z2fnvRJj,5.809144,7.1351414,11.917039,0
pres_il7O8IUDCxMwvsLNUSuU,-0.49107143,6.0968003,9.805249,0
pres_4RPLBx4RqR8QkkKEjtdJ,-0.20041831,5.793709,10.060029,0
pres_irEzG60z6ktOVxwtu7km,1.7596866,6.1247764,10.493106,0
pres_fD19rylzfWqRX16ihk8V,0.4458694,6.803132,11.309535,-1
pres_qHcouUcWwM0RcgQQ0M1D,4.6970124,5.651061,11.257285,-1
pres_cPkQOQvzf7N7DGA6PIbc,-1.3394283,4.8908677,9.103398,0
pres_gLSgyAZQOwd9h9hZpAy3,6.8120933,6.2098064,11.092587,0
pres_l4UHoverCXL7cHiL1yw4,6.345583,6.9826126,11.358552,0
pres_YxB9eLaxJSsYf29xhvXQ,6.3367195,4.4608226,9.543141,0
pres_6LftlqfUNwbbXV9OVBXh,1.0175892,4.533437,9.783951,0
pres_2885j85gdRdKOI3CQDCa,4.055728,7.194976,11.384529,0
pres_AFpt8pAsJnvnIqBBTQok,-1.9991771,6.8640885,10.042503,0
pres_nynATWnGvwnoXL19MWTC,3.117587,4.872406,10.7156105,0
pres_kneDlJMmqbuHmHvdtVdW,-1.6518282,7.5012665,10.296031,0
pres_zpNebqscSyFHOAe8N0hu,0.36722866,6.922693,11.354737,0
pres_DSHdzG3BVjp0GGVe54KT,-1.3381711,6.1476064,9.957981,0
pres_MH1XYuPBcqLMZgcPJmBL,1.1177824,6.722128,11.06755,0
pres_OA6DzlBqZyzVzaFIqGVy,-0.56143767,7.2423162,10.936561,0
pres_6fLMIAJz2ivdxo6fmAlC,3.5422297,6.0597687,10.461587,0
pres_gkQwLq2cUc2SXIDnsZto,1.3060576,6.4347553,10.908486,0
pres_qogGwRHXjlXAzG0rf1UR,0.8749948,4.7912054,10.396585,0
pres_5c74xNrBa5bQuS9s0kIw,6.1403074,6.5911593,10.88308,0
pres_Bob0juuSbaMEplUNN8np,-1.320055,6.267143,10.093398,0
pres_ldXH3ZdCJ8IVx7Z0Hayp,3.2635682,6.1982865,10.783012,0
pres_XmPzFNX79is9pEXrIpf4,-0.8988429,6.4228225,10.631127,0
pres_Ld5gg0u2F8FrS9sdSNlP,-1.2377479,8.285711,9.645865,-1
pres_arM8kko5VpqZUcMfbYDX,-0.5465921,4.050947,9.114393,0
pres_MUDQDZrnUwfWM0se7Oie,7.3348484,6.372508,11.045861,0
pres_Hl9ZmOzTWf1S3dM8N61J,-1.6393592,7.1348305,10.388106,0
pres_T5SyggqELFYaX7ZDTs4K,5.788772,7.0781994,11.94393,0
pres_YcqIU0N1INfpzipsUefU,-2.1478992,7.300846,9.90426,0
pres_gtyz5xT02fnFeOnZrkoq,7.185766,7.0158515,11.167184,0
pres_5nQHAVtnAwe2zlFjbHAG,-1.3418939,6.2792277,10.0568285,0
pres_6yP5tYmRHnQGiGpq4Mj0,5.2682204,5.767801,10.507212,0
pres_BsKcPBhg1z6qq3SVYFIk,3.27184,4.11785,10.219431,0
pres_somqCng2URDTQlCZVNk6,3.4852333,4.09058,10.330393,0
pres_yBZzTetkxvbdbBzJPBwL,1.758555,7.292289,10.796302,0
pres_L0LH24lXvWrAk233fqf0,6.679161,6.7505836,11.357723,0
pres_qqJkv7Sbrqk2vhkJd1Wn,1.1965978,5.3700767,9.723572,0
pres_j57mYia0ijc39frXEyML,0.5030902,5.603809,10.832855,0
pres_rsRk4ANnkG5HvIqNXtPk,4.0317016,4.073438,9.666441,0
pres_rSwz2ir0bvzqXCDN98lz,6.5891786,5.1703115,10.199901,0
pres_TSSSVgzrCgRiSqeA7Pzn,3.4996147,6.6652017,11.06628,0
pres_Z2C5CPeRNqN1RgtJYAfP,0.97738755,3.9074385,10.479323,0
pres_xC6LjuMCtaIQOA0l4kv8,-1.5721056,5.8660855,9.33727,0
pres_HEpHF6EYo42mxpCAUnpd,2.4482453,5.0565915,11.1673355,0
pres_w71jUoErchCuPVHSGQQe,1.5161184,3.7664664,10.836315,0
pres_utgDLIQcBo0BzUD3vWOH,6.185211,5.3390613,10.201399,0
pres_uh2nXGx9neZdFxhUfX9X,3.3824723,7.37389,11.212963,0
pres_YmLRRepeVhWo6cvLqmRg,-1.1983016,4.8259077,9.189555,0
pres_e5h5DSxc6O2RzPPGwqlu,5.953383,6.465417,10.901913,0
pres_Gfwxx16NwEL98IZV3KqM,6.2526793,5.53192,10.178888,0
pres_TggkfzGXb4LRFsNM5ktp,4.282855,5.4384437,10.526934,0
pres_QXJwnfEHzjJdr8MqVwAp,-0.022458147,5.259182,10.219794,0
pres_jE8RUIJ1oXglkY23x7oK,6.811262,7.393921,11.269841,0
pres_myYUm3EnYlYe4xYOK9IW,-1.6988857,7.1784663,10.251848,0
pres_sLnzM4Jcz3VfXjMaQkcT,4.010853,5.7531404,10.458999,0
pres_ZcmNKiDosYoFz9qj6f8X,2.3349056,6.729798,11.3952055,0
pres_OVqJ96u7mhA9xFgkypdx,4.6706324,6.458553,9.888107,-1
pres_RNiUm9zCpFtCSMrZCx0Q,0.03488465,6.162968,10.394352,0
pres_E7HPmxBu0knADkqZf5as,3.4614763,6.0203447,10.4016,0
pres_iphckR8igeQhKfFIYW22,4.560769,5.6881933,10.208171,-1
pres_AlSBkdbYddUYrZYC5xhq,-0.8408029,6.2898912,10.58061,0
pres_NVaDdNldAmNfS24gpGSG,-0.89628726,6.4862475,10.286694,0
pres_2etnE8gnXgTVzrHxBIRV,0.47109514,6.336832,11.084223,0
pres_jBPQSvNN8w8MVdCzO4IM,6.4556146,6.0377007,10.905635,-1
pres_5tMtfMTKCwv62IjfRexD,6.105565,5.7924504,10.945741,0
pres_w5pMzujDY73gbb59AiYa,-0.46987954,6.7481833,10.341369,0
pres_t2ZRf0Z6Q4528VPqVfcL,4.2052364,5.8171716,9.820751,0
pres_BsRyXXh7VbUNSXRbpkiK,-1.3943251,7.2174177,10.294349,0
pres_a3air6ZalVmzX9Dwkn52,5.36311,6.9676275,11.664767,0
pres_hupv1Q5Kf2777pitmgWi,-0.055878982,4.082559,9.524374,0
pres_0tw6T8csVcl7enJzFYqm,-0.011916159,6.7193413,11.045219,0
pres_L1ZKtuWBaXRy9g8SFd6u,5.329153,6.2019606,10.630822,0
pres_8XIuZr18Ny0BkU0rEaE3,3.7028863,6.147553,10.660775,0
pres_qVQgXfjxwqs4bpC7MpxI,-1.3250667,6.7345586,10.534926,0
pres_MyvJCp7kKS3vHxCCsXPy,6.617037,6.506187,11.415857,0
pres_8PIMb0sCh7TGTauudadD,1.6890281,5.8747306,10.515898,0
pres_5H7qDtacGTsIWKuSRsOT,2.6587787,6.86357,11.284828,0
pres_qwfkDsAqTAFh7lojlmej,5.472684,4.360625,10.19125,-1
pres_PMfjDNk65uELUqJVFxJE,1.8143142,5.43676,9.859016,0
pres_Xp6KYIEI7XNPTgfMoLcH,4.795389,4.7785683,10.193352,0
pres_QsgajZ0SaUYOmh1iAKwM,5.1880393,5.935026,10.587142,0
pres_6IwUDtarnHfwoNIqevWq,2.2526958,6.489081,11.113888,0
pres_hw2JnnJ2ONEIHY9l8MLK,5.3771687,7.0829797,11.603959,0
pres_j2vJCCCQ4EjPbfUKiDgn,5.1266274,5.1560373,11.228536,0
pres_3HhTrWEAdQ66QelJitKI,-1.4430821,7.786232,10.842568,-1
pres_nPgnQpiEPF5l25blWDZU,3.1661117,6.6711593,11.330996,0
pres_ezjZBWtSlXaydxPsEIk0,-1.6452783,7.035085,10.2842865,0
pres_NzwenGdRoCOz8GAqFwJ6,-0.2091413,5.031032,9.375959,0
pres_Nm3pvLBrPwmnjc2AhH79,5.5191927,7.5000205,11.032305,-1
pres_b190URUB2L98pIlEtDfX,0.7204873,3.7062526,10.135384,0
pres_uzdkbtrUdEyyoFEo7ivm,5.3280606,4.155751,10.003579,0
pres_zsUO5UeYCQCIBJ6M3buh,1.1512853,4.9070096,10.808202,0
pres_P8UdrrOQrPuLs8IxfK4D,1.3882718,3.7083633,10.671424,0
pres_U2953DFC9rvBRffP9L2V,0.58549696,7.259519,10.1031,0
pres_hrrA9f7ss3q28NSTAGKq,-0.07118462,5.218629,9.314541,0
pres_MMGGcbxyvhBC5jzDudSR,2.5056808,5.779391,11.312466,0
pres_cbxE5WXLnClBbgSa5m3j,1.3131144,6.8213434,10.322709,0
pres_qJorVKx7B2ti3Ch5yQDf,7.532006,5.378733,10.47559,-1
pres_QPee0ClipiXL58NLLFjJ,0.8193411,6.773868,11.246033,0
pres_VT0EfTH6RB3Y3CS2Skbr,-1.5136392,7.0438976,10.496389,0
pres_0Z4hT16uCh3G81LwyI3F,1.4880124,3.6175866,10.450228,0
pres_B2sJ6uJfv7GMO4d9442u,2.988836,5.155215,10.583553,0
pres_rkjasmbFXxR06uTCzXvJ,5.4738574,6.2143235,11.580549,0
pres_n01TvCoJ8Yu82klp6wvY,1.5535328,6.8189964,11.542253,0
pres_E0SbCS8iiGWepL1wVup0,-0.9601995,6.2771974,10.607213,0
pres_m5vrVvHMA26fWtCgcYVM,-1.5267367,6.9569764,10.531417,0
pres_YUuR7OmRrlQndAWvCUlJ,-0.25200385,5.5285063,9.559595,0
pres_hhYLvcVbpqMZuqggnG1a,7.2639685,5.10349,10.045467,-1
pres_tet05WyADR5rp0ZDPmQU,-1.3553379,6.6902556,9.791167,-1
pres_bPMzqYS0RWkgBAdLdUiM,0.50179094,7.017319,11.123202,0
pres_iyskp3vFNtvHJWdCkQhN,-0.18507788,4.870058,8.994528,0
pres_gzFrNiDRQT8YzIhsWaTi,-0.5789259,5.8361163,9.582883,0
pres_yDhazIc9OIMZ9qMSJtxh,0.8589841,5.4796395,11.357563,0
pres_Xxxx5Sulm78KwSA26tb7,1.5920877,6.5503707,11.258359,0
pres_qnoNEKX7xlUNfzeXhMRR,-1.4969449,7.607888,9.813489,0
pres_tw7lygKY6vmMlpCoXZva,3.8924098,4.618576,10.698443,0
pres_dzKFcqYtOCgcBAkLsZ4O,-0.6187282,3.9288585,8.931948,0
pres_8NNFHhFd8OlEnRpEA0Ab,2.5522053,5.7106667,10.054698,0
pres_znM8fbnikn57V4UIjVmy,-0.5076267,5.519234,10.077733,0
pres_vwnmzbLH8tx4ZetuKg6W,-1.1128918,6.328255,10.455639,0
pres_pQZxfHGHEY5urHw1SQmP,5.7012105,5.5562887,11.440305,0
pres_6dubYFtOkFAAuz5IMyRG,4.5222297,4.03403,9.923521,0
pres_WrWaByaVjtzdnKRkfdts,4.384321,3.7425056,9.516196,0
pres_SqPKcWc0j1x0aFRHNYxl,-0.32801563,4.7216587,9.677148,0
pres_zWcfodtRhsVB7odtv5Nd,-0.9789713,7.391314,10.23308,0
pres_hOnuR99U4OJdytBGhhYK,-0.46327835,7.43975,11.154345,0
pres_TNiGZfRunpGfTnoe4jIS,-0.944965,4.983032,9.418007,0
pres_BfwVYxP00DDgxWwEGDyS,-0.8147022,8.22894,9.661418,-1
pres_1rniuBEnRmVf8KATicAy,-0.8768229,6.837019,10.623834,0
pres_lXS0rfpncpOHTqjGPy95,5.435805,5.5246243,11.089759,0
pres_ErCk8aAuhjzDcpZZ9bd3,6.140759,6.9831457,12.060278,-1
pres_0xyv9UQObRrlayksK8Bl,-1.243026,5.546361,9.816191,0
pres_QtJAjpn9X0eHIImYsEDj,-0.40048763,5.8136206,10.1198,0
pres_WtnJje5EptOu1e1k68Ml,-1.4160819,7.733069,10.075393,0
pres_HpPM8aZSVIxncYv32f88,4.881555,7.205518,11.5271015,0
pres_TZL4LWT6WQX4DulCLO5Y,-1.7255847,7.585378,10.292625,0
pres_nIImhhgkaVpQ2I0cHbaD,6.601606,5.142079,10.208763,0
pres_6xI4ipVIIKT4Y2kk1h2q,-1.3254974,7.0870185,10.622831,0
pres_YzQi46ejqh00PwRCTMiV,1.1424775,3.9937754,10.60909,0
pres_4MHGyoTD05YxgxcE2mY0,3.6998773,4.126679,10.186109,0
pres_zqEIz6mxxtXX0tpPWndI,-1.6109911,7.7196183,10.639278,0
pres_bPRJKUcGk4Yp8veSFgca,4.7429404,6.0930424,10.041101,0
pres_pZK0DAHl5bI17frcXpdK,-0.12174816,4.7837934,9.210975,-1
pres_QbwQWJwHYXyrNsTx8p8t,0.82371694,4.065901,10.210914,0
pres_jgOGydpPQ5Ik62KLHgi0,-1.7550507,7.5181103,10.455854,0
pres_ByP7RDNDQaxSGZuOPECs,-1.6035446,7.070135,10.4607115,0
pres_qEdiAkZ6KNAbS5iNAqfq,4.307787,6.729865,11.534659,0
pres_5hnvxEr9HqI7sST2GMif,3.8738573,6.110787,10.068936,0
pres_bC8FH6xboE3BOy64HtAg,0.60932356,6.750131,11.331617,0
pres_uYReDbdQIUEGR1hSbu4E,0.5696667,4.9590106,10.647292,0
pres_inEbVBJboubRIsEkYiyx,-0.8123732,6.6727924,10.337733,0
pres_tV8U4LYnnlimAeyTk0y0,1.1411957,4.5156236,9.45187,0
pres_R6FAl5i288YJkvuluUkZ,-0.11532736,6.7155323,10.140886,0
pres_eexdLXAco5RAAS36yMIs,4.0110173,6.289068,10.147805,0
pres_K7LGrEwE1bFCngbYUSa2,1.3163375,4.9942384,9.392651,0
pres_hTepGkgsn3Gqmfz8KXLE,4.531604,6.040492,10.347071,0
pres_ioIawq08tDcN79wcmgaG,5.6423626,4.994796,10.970406,0
pres_r8tOTEIaTEDxXzDc80ca,-1.6786293,7.124303,10.397498,0
pres_cVfwa8iVvNq2CUjAxqtn,0.42842013,6.790822,11.338592,0
pres_H85H6mQtp2xMFs8XBVRE,0.9957479,6.192464,11.40366,0
pres_PFZKAUAgiJpFtsCgHVP3,7.1760216,5.113797,10.332196,-1
pres_RLp6hum81AAZ3AtDyguA,4.7691083,5.808194,11.105081,0
pres_NcNrg9Zqwf0Evhf3kNsi,0.8485123,5.7186956,11.39051,0
pres_pvmHhVDWJiQBWWwi4UrT,6.6302133,6.910715,11.177164,0
pres_5zshBr9ydKiuT1QQ5tM9,-0.76581115,6.283651,10.5197315,0
pres_vGZWPKlfrzhOz6ZVpYxp,0.2730642,7.0040426,11.159879,0
pres_Na4yeW9FFDokbqZvIA5J,-1.4072012,6.8351483,10.203173,0
pres_Gyav7gsShRdkmwGV85SM,6.2315307,6.906671,11.321359,0
pres_R2oC9EqragIoFq1J6yfj,-2.138172,7.2170124,9.981885,-1
pres_tyo5VsLuxhpy0SoVK4Tu,-0.17175737,4.629219,9.767972,0
pres_x8LUa2SqwKEw7msl2iNG,-0.88791156,5.172632,9.4473095,0
pres_X36uyjpqBcBQgF0TZ4de,1.7904911,5.351987,9.829435,0
pres_Nfk0WILS2ml9Urd8XW9S,5.3986125,4.3885145,10.377265,0
pres_RKn6CHLlBVbRjP2rgGvs,0.8627795,4.1745663,10.032459,0
pres_lf9hc3oeCbTB3OLQL47d,0.98740876,6.9466844,11.439675,0
pres_DXMhpOrGm8fCTqY2xJvx,-1.0307366,5.668448,9.778563,0
pres_TGANyBwzNjmFJ4z9VvDS,5.051131,5.333852,10.227439,0
pres_XPWwxWEoBJAKGzSHV9kz,-0.14443417,4.098311,9.517339,0
pres_6rg06C2v9VPFeY3S12k8,1.4831467,6.6134086,11.001917,0
pres_1xZrC5EIkWnrqIIZhsrP,-1.3606787,6.389339,10.022338,0
pres_zOlFF8HijdKSTlH6M57A,-1.1566695,4.8522887,9.270263,0
pres_6blbqRlrXGMGzWBF2sPz,-0.64832485,5.908459,10.527421,0
pres_ZUwtx7kXnSbtGzHpxV06,3.0181196,4.02257,9.926278,0
pres_CSfK38wLOzkPsn8RWBfo,5.165455,5.21439,11.331491,0
pres_CuFRuGzg3arPNvroaRId,-1.4303988,6.586382,9.789457,0
pres_MgmHAaQePrHhdIjwGyeZ,6.3253255,5.2540283,10.027762,-1
pres_H7G5m6SnHeHz9wxX7FlI,3.4541862,7.094012,11.120618,-1
pres_OhrcKiEF9mpbJXGCCOsM,0.5734047,3.7021253,9.871041,0
pres_iBJkM9tFTMxHDIB374zN,-2.1630619,7.012202,10.051618,0
pres_GSQSwaavfXUYlj3rhFFT,-0.06405579,5.833678,10.673973,0
pres_htWOzdt8Hofbom5Jl3Ki,3.165754,6.8223825,10.872717,0
pres_L2jUTwyEgjTeRsGpIzH8,1.764035,7.4607983,10.983086,0
pres_InVlUcXAcAbosuXbl7p6,0.6209756,5.2615705,10.934247,0
pres_fveRVefgPJ2kzyJ6w57C,1.0854783,6.2303896,10.206902,0
pres_W2nxNhcG7zGh6zIza16h,4.23608,6.233908,10.752958,0
pres_XBfSReBbAfzedyMEKgpj,5.8175554,6.706167,11.565615,0
pres_QCYG3WvEqfcV1vMJ5pEv,1.2938113,3.7983963,10.763752,0
pres_GmVUVg3SxcFyhVYcFiAl,1.4460727,3.6218512,10.405725,0
pres_RrsoA0voH3mOjOGyrH2R,-0.7842043,8.264131,9.651055,0
pres_YKjy7pdCzdNLwk2n1OjB,-0.1545678,8.0796995,9.690435,-1
pres_4gg4wSvXCvDKDAR6V3Xv,-1.136398,8.4198065,9.598798,1
pres_u9N4Tnmbqr8wGGAMVgng,2.8846493,6.819975,10.288524,0
pres_RgYt6KVYhJkWuh3zkRjF,-2.0494766,7.226031,9.974398,0
pres_3EmSy5eiYHwszzCYxO95,-0.113340534,4.390631,9.750669,0
pres_8qCghlsTbhWWppcGt6ls,4.8467717,4.8715954,11.067882,0
pres_C9IvEsqz4Da1oQYCleXV,2.288831,6.9075236,11.221529,0
pres_gOkmTd4Ft0tI8Y8nhUpr,-0.7063471,6.032679,10.507342,0
pres_jFYBE1s3C5oOqpcAVEvv,0.41696405,5.2645116,10.653402,0
pres_1BTYJHePzx5tdGDfkc0k,3.2786663,4.008199,10.305396,0
pres_qnaOCXW4R9mzYnpyQvJz,0.11331278,5.5140333,10.514764,0
pres_gvD8bn2Px0CyGTG7sI5S,4.5126023,6.26594,10.031112,0
pres_IltwhBWNFaNXqDN1lPvq,-0.376704,4.2751365,9.46593,0
pres_7k3d4ZcoEXTHPCgGg9Ok,2.5452404,5.362382,11.0492525,0
pres_No6qdtt9gljCYHewC4r0,5.2346077,7.1090794,11.16345,0
pres_FspOTghMrWcXqhqhFgEu,3.6656032,6.0266576,10.479757,0
pres_aE1KfAIQ0cmcK9od8mRj,1.6528237,6.6006823,11.403806,0
pres_LOFn7zkaj9Ukc1thFTGZ,2.5130577,6.212938,11.351376,0
pres_MJB0h4b4Nk7B4Z2JaAqc,-1.8188355,7.5401645,10.005888,0
pres_oMKF7tqRPhh6qM9wyVXJ,4.5483813,5.300988,9.6401005,0
pres_eN0Zv8luqSVc36wSKi51,-0.71436983,8.246064,9.649999,-1
pres_Yoxs9egfuOQsfBf5ymR8,6.6043377,6.8133483,11.682556,0
pres_C6HCmaNMvomNRHHYdE4D,7.4982295,5.337812,10.324316,0
pres_ViryzLJoTKZ2299U6qRz,1.4287703,5.0911016,9.569136,0
pres_gbb0nhcbCxKxpXHTgUJb,2.7445972,6.7210474,11.031503,0
pres_3TxldddeSRHMNci0OHpc,-1.2856652,6.9266005,10.61777,0
pres_t65JjSAbditguXAmRHC0,5.3933086,7.534383,11.138218,0
pres_M6X1bJYEWD0zeUOV8UBa,3.8296099,6.2696652,10.04746,0
pres_cZojE9Gt6FA2upJOfSn1,0.6945656,6.7116656,10.596865,0
pres_bL8Z5D8wPzRjuXwJoKpe,0.9756014,6.186054,10.6734295,0
pres_9PfipVki9PEIlfwU5l2H,3.5845232,4.8356886,10.843825,0
pres_DjY9nihswK0CZh0PomuV,-1.177391,7.1344104,10.687012,0
pres_3wXBUXQkikahut199ihw,5.097442,4.159858,10.184328,0
pres_XE6rmNzJSZuJddVSjskl,0.56463563,5.745386,10.368964,0
pres_9S3CpnouLnMDgB899Kga,3.595788,7.411195,10.754819,0
pres_fPiFIhszSRic9nIcpqz0,-0.91130406,4.401654,9.188374,0
pres_kZrhrKZBXkbOI7z6jsU5,2.8462334,5.6143355,11.005548,0
pres_uBDEQkNDvrjcvfz6L4oO,-0.15654515,5.7070236,10.284736,0
pres_cWDpQE4ewAeuV0bNhgYp,4.068962,5.24269,10.37721,0
pres_6tJe0g2GhB2GmT4ZWURj,0.9376785,3.8647556,10.072454,0
pres_E7AnRmNDwJgBvIpqmCjw,4.3629975,6.9098067,11.370993,0
pres_rYM9opN4oOe6MBDEMYOx,3.770778,4.912628,11.095995,0
pres_8W8DqComWfj9NYGxh701,-0.60845023,7.0276303,10.933746,0
pres_mTU6G8qSeQH1Y1g22ZL9,-1.3604513,6.7446594,10.608876,0
pres_B9j0XMRJSHlNmeU7qoAx,1.8805156,4.554366,9.955753,0
pres_VDsLHBVBOPJCbzBfQJOd,3.922631,5.5450096,11.334213,0
pres_nnvkgwEtZkrfpJUMAaBI,3.145116,5.3022237,10.635703,0
pres_nJ4P6YwCQNCQ0qvDgio6,0.6352775,6.1196065,11.089536,0
pres_ttz1h9bH5qU18M1I04Pn,3.1740472,6.749837,10.778965,0
pres_o4PJ2iIqwnoIQsk6vJVt,3.8089254,5.2400465,11.004894,0
pres_LmUKluCvCQe51xa32HQH,0.9564536,5.5043573,10.831409,-1
pres_YiS9Is9Hbu19PYNKxa9Y,-1.5539051,7.889866,9.849479,0
pres_XtoA7h0FqStNFeysrqtp,0.020093454,6.9060826,10.884012,0
pres_6HdZMAihaP7zgiutG8s6,0.9942865,6.585983,10.568635,0
pres_jWWIjhVjtG99Q70jDezn,7.607816,6.006988,10.830861,0
pres_TtUIyXQtPxpWRyJX2V5f,-0.1792034,5.4747386,9.5287075,0
pres_Bxx1rEoiUVfzwAPzfJue,5.7956424,7.02333,11.7780485,0
pres_h38siQZ4WGcx3CjnpTUd,2.5144699,4.9881024,10.93506,0
pres_KUidZGeoPy7ENw79nWC5,-0.48342252,4.792407,9.15366,0
pres_THsU5bQFqvqQYuqm1BJf,5.7435355,5.5028453,11.285733,0
pres_p1A3blhs42FybFrHkvbA,6.5496693,6.2602363,11.164813,0
pres_jdks4t81ffYpLD8ctX26,0.5257581,7.2031693,11.289811,0
pres_IcQ1Z0r9fNEQ0dSYFWZQ,7.3363805,5.171947,10.306191,0
pres_5EJSvUgkMiLRHi9NZM1B,2.5464177,5.0664716,10.622502,0
pres_Ni0TLf8erDdDbpTwvvNr,3.5269964,7.245638,11.086266,0
pres_Zu4rnNJhgBPoNXzATXzi,-0.1858592,5.9272823,10.412139,0
pres_Z19Gk9nvAGHhv6dBUoRN,-0.13930915,7.161083,10.662921,0
pres_aZvJRzhihLuzsNCFIGr3,6.330186,5.9070215,10.518237,0
pres_9UDKFZXcQAgnmiHfa75M,0.8793245,6.702388,10.678092,0
pres_dziZSygAXHdxIv1vwRN0,5.471546,6.410703,10.859251,0
pres_BSf6lrMbtQH0gJW51A7I,1.9686437,7.1751313,11.145712,0
pres_1LOqUIFAnuWfyHoWdnjf,3.4391232,7.2081666,10.910739,0
pres_9gv1lMAk8GoWQilEOHWA,5.08982,7.0463314,11.788622,0
pres_VORZrVCdvadkxOaeW4Cf,1.027004,5.250994,9.589173,0
pres_8wIfd5yKU3DK2clkdKwk,-1.2721518,4.7829943,9.120508,0
pres_A37e8cEcXLqdcbYl4jTK,0.49328524,7.224808,11.193008,0
pres_gb0GbQBitXI4JJjGP1xo,2.153229,6.0880427,10.093971,0
pres_rLnbL88BYaJkDG4ju2vn,4.4100175,5.907785,10.682368,0
pres_S27HutZmljTXpOcsqDz5,3.5599236,6.4915695,10.787054,0
pres_WtnoYARDyqRS7OZWz5Pt,-0.120395675,5.3123794,9.734668,0
pres_DFdOpOdVO6HHWe22k1zJ,5.8064337,7.411758,11.48857,0
pres_VPkAXJbHUQSnGMDT17Ks,6.7201686,6.9227257,11.423132,0
pres_LbwabitqccJ8Aon8NXgY,6.434026,5.227484,10.151239,0
pres_8Rq3pdsa8FBRmyLSREpT,0.32934096,5.27308,10.308954,0
pres_wClllEUZXJsUpSe9tCDo,4.7574277,5.2769527,9.741155,0
pres_fPpXKAm59hgQaf79nqUq,-0.8360438,5.224928,9.202893,0
pres_M96caeHsGiMmtV2UmaVx,2.265038,6.235732,11.470522,0
pres_ttfg2nDj1CYfEkHpuRjf,-0.61817914,5.6875744,10.431763,0
pres_CD3jpxUoItRUBJT42bgH,6.03411,6.5644016,10.985227,0
pres_HvCyLMcGuCbRgQ9of2HW,4.679017,3.8664472,9.501839,0
pres_oPAlw0sJmkKwMHqx9fXw,2.355733,7.0958767,10.378357,0
pres_Z0VYpgo21r5QJ48OqKxZ,3.231357,6.464339,11.159318,0
pres_NaCRp6rnC0pWoVJ4viZI,0.027683517,6.296791,10.53392,0
pres_Nac0RpgeQ6h9BlDAlsH2,4.598397,5.291686,9.797802,0
pres_n4GIzbsDFeeixtVxCUJx,0.54952246,7.6149716,11.02021,0
pres_HvLVlrvVse7J1ydJ7sEk,-0.05801778,6.559546,10.928006,0
pres_FNVxrorfpDr0KaiEWtdz,6.7417645,5.7571735,10.728518,-1
pres_vZqr3iVhvLN8h9tck5sT,1.2720203,6.4331226,11.468747,0
pres_SRjX1Dad8fTRYs0ms4LO,1.0417908,3.8639495,10.210452,0
pres_ffX02HBfwiVxESaG8hck,0.96651936,3.9456875,10.210773,0
pres_abY45DAK5TP60esLSqOs,4.0159507,3.801787,9.810241,0
pres_GHUabccoOUPkxFMejQKP,-0.54476464,5.8904686,9.586273,0
pres_PrF7K5PnO9yiMmzBmlo3,-1.1047355,4.8295565,8.865012,-1
pres_AvMtLDgabFdjHGVbKCx6,2.5458477,5.290931,10.914872,0
pres_UpLvHG4WhpoxPn74cbyR,1.7439022,4.7866488,10.164597,0
pres_J0gNgneHape9CoPBiFo0,0.40066648,5.5739546,10.615198,0
pres_BJybKiKwXnFIpp7YP3Ln,-1.0564935,6.2074704,9.759174,0
pres_cMvKwsp03vbA3o60Gym1,-0.28029034,5.6962337,10.36529,0
pres_3OwNQmdrFxzmZo2KeQNB,3.57768,7.261774,11.05929,0
pres_NSto4Iy717nB0Ihq4opo,-0.34559417,5.326733,9.30296,0
pres_UNMjqFtustR9rEvW6Tj8,-0.8803519,6.0059648,10.508829,0
pres_9TLIW14qDOod3Vntqzwv,0.18746603,6.3394265,10.691251,0
pres_PlbV0bDE28HpkPQI9iYF,4.314465,6.1121035,9.962274,0
pres_fUBQV14xR0uMr478N2EO,-1.4388045,6.400682,9.749406,0
pres_9RV1vwGQ1gjpsTumjx2o,3.8831065,5.5127115,10.944055,0
pres_NA4SrOl75OPoRqr4bpDY,2.8662431,6.9957733,10.023093,0
pres_NqwB16p7AlKM6ZTDCdRi,-1.0917757,5.2903028,9.668276,0
pres_vcTVbLq8YL8HjUeb6lC9,-1.1191034,7.4830847,10.771126,0
pres_gwpBmCMDyjQlNt34rScK,-1.6505513,7.5564814,10.236538,0
pres_dEwkCKb6fyx9WeIPS1iC,5.0535254,4.770622,10.794856,0
pres_ocyyddIduPY4aw3CZpXo,-0.35041222,6.335568,10.628802,0
pres_YyzvpvCndyd106Pad2XC,3.4811454,6.6608505,11.051308,0
pres_9hWEzCgDJCrvTyPlVG2z,0.42081887,7.4703045,10.991558,0
pres_sQkVoOiCdy8vqUouKYeR,-1.2112633,6.5416574,10.337419,0
pres_nkyc8FnJ1DR5q1HPt6vg,-0.358758,6.569438,10.425017,0
pres_HjtANb37c4h5HmOEgEGd,3.5499463,5.918754,10.391482,0
pres_bkV03ahS5HGQgvR27sd3,6.591384,6.090867,10.937673,0
pres_dTXjTN12clhRcH9keec5,1.4667687,6.7597933,11.507793,0
pres_FGL3ikUu3FhssBrIDnJ8,3.0868223,5.6130238,11.075668,0
pres_tiEOYgzPwidCNbyy4rzG,3.4472706,3.8638592,10.083612,0
pres_hzLpchBo3IyAM29y54pX,5.5867352,6.315533,10.542882,0
pres_aU5s29fzH5gzmzbdGU89,-0.24114242,4.997651,9.243602,0
pres_eDFJFjnIBLesqkE5GfTr,3.436738,5.5017085,10.213314,0
pres_ZJ1xEJeMeuN1ZHm5xjdq,1.2309673,6.8870893,11.077032,0
pres_SGAx8LB3IpICU7EOW2DY,6.426465,7.061019,11.365038,-1
pres_86UEJWAi25fWvHmaF691,-0.9441236,4.5381293,9.154288,0
pres_MXOnI08cBCNRP15ro0Fh,-0.6384794,5.84128,10.412688,0
pres_TDW9tnM3zOHMNmZ92buH,0.30677196,6.4538507,9.931229,0
pres_ObsBc7nonKJi3v2uTS9p,-1.5128427,7.816708,10.764753,0
pres_z6x6tykb1UdkKMDLSgcE,-1.9119858,7.3820553,9.918267,0
pres_ctqSRVX5pyenMLZxcarw,-0.99069357,6.001366,10.343321,0
pres_7FgsCJdjHG7GJbmf21HH,5.929204,7.1090503,11.702471,0
pres_KsZQa8dt8oZtq5Y3IDMI,7.3448253,5.7209783,10.523744,0
pres_zDZ5pv1jnD5isqorca2X,1.4242194,4.833686,11.090497,0
pres_ysf2xV5nIR4Lf5LXIXKJ,1.9925835,5.4729943,9.796945,0
pres_4HPf3oF47Qr4nOqp4bGA,-0.24431068,4.3389373,9.596424,0
pres_6BT6NQGJPAD6Q37GsKTA,3.3859644,3.7224276,9.705946,0
pres_kLtIkeqT8V4nVlP7LFzz,-0.027653836,4.46565,9.390441,0
pres_IwiSdhNAWIzwmtFHYbsy,-0.8254883,4.201695,9.110225,0
pres_29doQe1XJKSseZi0LQAh,5.283205,7.138628,11.613874,0
pres_X60gpytPJxeOUqiUrcqS,4.4393497,4.764039,11.0243635,0
pres_RoUnzoVQtVEiAxcuMKXl,-1.7647911,6.20406,9.866649,0
pres_dj8ZF9SfbXNRRo9dHkjY,5.2797804,6.5088263,11.350509,0
pres_YEDAaUW0nqlr45qTiEbz,-1.5482509,6.516532,9.743431,0
pres_u2h8HL71J6xdP7xhKrNL,-0.87534755,7.100939,10.79571,0
pres_w7025VFItC8m9ZZFGEOc,-1.0812958,5.024741,9.37803,0
pres_IdDED6r7tDsB25buHQ1X,-0.37393492,6.9197445,10.941759,0
pres_o3u2aupBeaeLSYSaJcZf,2.840735,6.1337137,11.301828,0
pres_O4rlTMGcXgdqRBPEyjYl,5.272216,7.5153356,11.074384,0
pres_1iqVYKuA7RQOlDcHriNd,3.3098266,4.13729,10.333959,0
pres_LwaPgrrY7CAu1YZut9FR,6.463484,6.2676253,10.982899,0
pres_kyFch0t57aEEzYfo8mTZ,5.4464264,5.221971,10.140677,-1
pres_Ensu4qrVd7XTnNkOzNTw,0.2763544,5.620372,10.225072,0
pres_yjTjsXMsdLy1mz05x8lb,4.5582857,5.197103,9.477103,0
pres_p5YbhN9ooKAHSHakePvW,-0.53300905,6.162587,10.217503,0
pres_89j6weizJ6Kb68wpwXem,-0.3097733,6.4714327,10.862141,0
pres_RtFCUH5yL6U7BrB4NUO4,6.244062,7.120335,11.662533,0
pres_mdit0hEXJoW02QhkGTdP,4.6277575,6.300023,10.101094,0
pres_Z3zOFc92odkjtQSKmUx3,3.386091,5.24486,11.234491,0
pres_TE9RgR18ErABtSciiBpU,-1.1864358,8.420367,9.6000395,-1
pres_FRxQMe4fRPccYKWsiT5w,-0.25208372,6.8332844,10.706228,0
pres_DqksHf95wu3VFEyaMwED,3.7671328,7.214895,10.483214,0
pres_CLvEaoZ996ThPHmMkskl,-1.2195406,6.7667565,10.448353,0
pres_sd2NOswHHCJKor5Ucisz,0.73142546,4.5942144,9.356505,0
pres_zwrjOPRTH5u8r7rO05xf,-2.0815182,6.795356,9.938778,0
pres_TxUjg44XNaaCT6gb3S9Y,4.672524,6.8937583,11.277968,0
pres_com7AWGCAOXsq4ZrtVGT,5.760388,7.104338,11.92831,-1
pres_ZMNlFZwRaEEYRtMHJfCc,1.3712085,3.8345375,10.696762,-1
pres_rxbTX25xQI3bzqCkOoiS,0.3877738,6.293517,10.227482,0
pres_9m0njcbTA7yNbA7VHoiT,7.0334835,5.054248,10.023869,-1
pres_JovB43QQYnLFl8ampJmU,5.316666,4.3657794,10.160313,-1
pres_AXKCcLU6Hpq4oEWMee54,2.0272555,5.115128,9.070822,0
pres_6nLQG8KdQEMZEq6t3LWz,-1.5605903,7.808316,10.715559,-1
pres_HvFswxOqtygOXjaamqtP,0.089690864,3.9426727,9.6633005,0
pres_8H6owW9Hvc9j0h85Xa1y,0.9567727,4.3174467,10.053075,0
pres_szwEyIejxNNKbt6t9tFg,4.594413,7.2686644,11.644315,-1
pres_BTl2U2bdKYhsKFxU1Ii8,0.86468375,5.4318194,11.391118,0
pres_SFnKFak8Qt8WW1eCPs0M,6.2103715,4.637711,9.531598,-1
pres_san2lwSCavAwd7E82jXI,1.9079518,5.71965,10.030485,0
pres_TFmTQSSCMvqyh2egqlrP,0.41150388,4.368751,9.66921,0
pres_WLUZDdzUtUVyIrf1iVFY,3.4519804,4.6361194,10.794091,0
pres_zgUqDOqBPdzUoWCX8sJW,-1.1962227,6.6883745,10.577763,0
pres_ZUhhXXA0obGL7csidG9E,-1.141884,5.881627,9.699555,0
pres_BnEAvPDFlcJuJlbHYtvJ,6.8293567,6.288352,11.078114,0
pres_Z98iwJHPnTdOI1m8MUpC,1.5635886,7.0401855,10.76999,0
pres_xmvEK9g8e1EqX0WNripT,-0.23672597,3.9362462,9.233245,0
pres_t5k7Zc43RQlVnZCyXM1x,0.34127817,6.0711856,10.536705,0
pres_6E8SFZdx6zB6WcrmHzHZ,5.2380214,5.3931193,10.331192,0
pres_ocPNNzRK3zo9BWCuCjHC,2.5781069,6.1325116,11.443322,0
pres_3ANRxH5u8xFRNvoL8pKP,3.6968956,4.2669206,9.906206,0
pres_rmorhyemSM4bEkgZTEvI,3.2287369,6.0665107,10.05794,0
pres_ZqsJLDB9DWSxjdfptRtp,7.561903,5.569645,10.5030575,0
pres_9OVviVYHJQgRFjHbhHXJ,5.96069,7.0436025,11.915706,0
pres_22F73og1BQxt4JDZ9N7A,-1.8775293,6.5191374,9.988395,0
pres_fImXi69wPGH371NVhndg,0.91515976,3.673283,10.480202,0
pres_bgWYQH6dD6blHZt2y1F2,7.285059,5.826958,10.720059,0
pres_N9TMeCbkpZnt31Kg1C2g,5.5567703,7.5344634,10.958944,0
pres_iDCdFZHV9uVQLlpHP6iT,1.3598573,7.2050147,9.8086815,0
pres_x0YAS9uAFLXsPGDXXqmg,-0.42259273,6.2640233,10.413557,0
pres_XE2qeFOjsNFEPlBLU6Jp,-1.2402343,6.2466493,10.188288,0
pres_NDjFmvkselbCxssPP9ZY,-0.0051024863,4.832111,8.953671,0
pres_xC46iHJQ6RYt95w9XUJw,0.012753185,6.7725415,11.147039,0
pres_FKHlmnpHpgDee6MKKtf2,5.202421,5.027944,10.198578,0
pres_BsIMeBRnsxM6S1pJHuO7,3.219239,5.163949,10.999579,0
pres_ArWERiXwFO3YXaJiid6Q,5.020575,5.3275833,11.298977,0
pres_4uR7K6h8hgbWKAy1hCzF,3.3078043,6.868629,10.3291645,0
pres_EavUZ8ie3dcnbrjyQcba,3.1710117,3.6581914,9.671708,0
pres_QCsgdR1b7HjrWGhOww01,1.2187845,6.759478,10.875586,0
pres_zZMzplJOGRKArdyIJj7q,2.734327,6.0473146,11.356216,0
pres_Bk8NAHhFUAnYLkS4EP42,2.17327,6.7680583,11.374376,0
pres_tbBZxCCaENbpMnliIpC4,3.5655398,3.859313,9.859583,0
pres_BuWLSdr5W1vNbEI5Dc3v,5.762565,7.1102247,11.976277,-1
pres_NRsmzg4hb0Uvf1CnbCnw,-0.0409626,4.025212,9.167884,0
pres_kn69b8Kmm5MU81DGKVh3,-2.1150925,7.0495534,10.133269,0
pres_LO2JPSE3TCSLtXFkjYj3,5.6450253,6.5150394,10.604204,0
pres_Sh3gN5d3onbdMf6zDhOz,3.4411027,4.8162746,10.584886,0
pres_imz4O9xdxaqBNRyDf8OZ,0.18247457,5.415839,10.009966,0
pres_EbLNjPf8dhdutUDslMKH,6.006842,4.914788,9.807031,-1
pres_KkZtHPgbL3yS6O8EKIL1,-0.59804803,3.9325342,8.972715,0
pres_Yr6FruRKxogQgbmPVON2,0.014532785,4.1910286,9.600084,0
pres_iwJVvFTOtlPGTbVaGFbY,-1.337934,6.8639884,10.225152,0
pres_V5A9YQj86iCRQjozrUvC,0.4755768,5.6113653,10.934485,0
pres_3odFJkyG7ZRdix5uiXFl,3.2168622,5.582462,10.891972,0
pres_NReZ69dYouQnfLMmyZxk,4.652308,5.938482,10.329514,0
pres_0CWTqObvZxIUhJPpfHwF,-0.4898571,4.3415146,9.324671,0
pres_XL2SmwcFJ6yypa0m9ZHh,-0.64664114,4.8960824,9.432848,0
pres_tm1NnkYzEz4aWUvWq6b7,-1.9397733,7.0216074,9.7208,-1
pres_L2VIW7FcTGRmThmxN915,0.16944334,4.3786807,8.909342,0
pres_hlvhnM2b44tmcpaD8MO7,1.0548649,4.931792,9.528187,0
pres_NCsXhlcgI2SAnxPI3u2V,-0.46068954,5.017041,9.30085,0
pres_LNSTc6YcDGw1rEUZqnYO,2.959597,6.093375,11.391739,0
pres_VYYXj2Hj2vpBrxAzJcyi,2.7414644,6.03954,11.355678,0
pres_a09WcvkhWLHtFcSe4RTd,-0.78886205,6.3904834,10.199731,0
pres_5Rm9bOo9fIOEaG3dnSJT,5.3739243,7.5012875,10.935368,0
pres_vKdvKtMPdAmfXp2RBtKB,0.7094036,7.325594,11.222009,0
pres_ivv37BWV51IQItxIboDB,3.64142,6.01355,10.248467,0
pres_Dvd2sOaL2Hkf3HPLjIYv,1.3636566,4.679414,9.332312,0
pres_xTFbA7jtDrRYEBKgfcNP,-0.17986567,5.2733474,10.207884,0
pres_whUoB0AAfQ9fr1aW7mZw,-0.6589936,8.171131,9.697044,-1
pres_3iMkuY5IxbxvifM61hp7,3.8486073,7.5208416,10.725819,-1
pres_B3TDhL7Fr9GDKq8lKcww,2.7808158,6.1947875,11.040443,0
pres_mDGR7isz72Soq53AMepE,3.6369772,4.843196,10.433173,0
pres_KygqmxSFKNP0v8puDmyz,-1.9272434,7.4964895,10.184201,-1
pres_HE5eaZTXWOTjKANxPd7n,4.617079,7.267858,11.541825,0
pres_7MXRbS4CZQgFMLbpyOJE,2.095588,4.903391,10.299991,0
pres_6AVm3v1I56B3rhei8F9h,5.238265,6.769739,11.597539,0
pres_hw4vLITvHEKVzHTPce5r,-0.023387158,3.8611212,9.287541,0
pres_q5u8GE1fxEcYuXk0TBu6,5.5841556,6.809007,11.844404,0
pres_Cg8lPrqfqeO81DNsIgW7,7.4300137,5.9070354,10.882307,0
pres_e0nFFEYLGfD9rt9eK2ww,2.091514,6.9099355,11.295435,0
pres_Hn4JyFn54Scx1YlI8d4G,-0.92836505,4.397497,9.130927,0
pres_zgHfA9RwUxtjTnfxrzjH,1.204725,7.104647,11.302709,0
pres_5PJn3PpwCwlIHlFKNAjz,1.7017299,5.5496936,10.181287,0
pres_hilbKLyNbvHCVel2AKxz,1.4089391,6.398965,10.944793,0
pres_XZTpydRkv5Ww3ZBulpLO,5.347782,4.646094,10.921305,0
pres_rQAo5zSrDaM9kw2tu5yF,3.9916372,4.760951,10.631191,0
pres_1NZUVmj47apic6DvPSQI,2.201519,4.7498646,10.97957,0
pres_pS4b5GHDFK0LUrbgM7kN,3.033913,5.5919166,10.817052,0
pres_Ckn0vriFNS2n0jpYBmCp,5.604123,7.1086082,11.658504,-1
pres_PuEArlw0NLSiAuB6uLaZ,6.4620485,7.3658533,11.540312,0
pres_6iUS4SVh3x0la5NOx1Cz,1.5376796,3.5999465,10.615932,0
pres_nAR1l3ka9FcnYoiqhjEL,4.568171,7.214437,11.643074,0
pres_FW5MAsCuM8YuD4WhPRG5,1.0438998,6.034552,11.479873,0
pres_nkgfxqVmKxVQ77oPjVEP,7.021047,5.424641,10.282182,-1
pres_B29CZLS1fDxegOHq8OsQ,2.3516095,4.9802113,10.401486,0
pres_AAF6DPsRIGdQK6lPpxUF,1.5582992,4.393852,9.107039,-1
pres_HrguraW9dEptqazU90qL,-0.37353197,7.4249077,11.167165,0
pres_whduchuEsNo2zSGsSG1f,-0.8067397,6.825439,10.663932,0
pres_VjmolRjtxe9lhoWBLNdz,-1.6210467,5.974089,9.489218,0
pres_N3RxtAmODVOBagmZZ0SK,6.789313,7.0308247,11.475825,0
pres_60oMj5I4KGBNsbU4yDNa,4.525383,5.957358,11.336113,0
pres_0apQdvP5FP334tSodicB,6.705435,7.2292104,11.465796,0
pres_suVqBRWwIy50B2GANgIz,-0.7623817,7.890992,9.712981,-1
pres_FcV63irPkIMvxjaSNIcl,1.4206506,4.8962398,11.014239,0
pres_gWkZVEPZKWIElKcYJrkq,0.52978045,4.559045,9.677745,0
pres_SITSawQNlqmtPJlS06S4,6.9374676,7.3297763,11.20298,0
pres_9CNHxIO3589mLymSYHh5,5.684569,5.796369,10.474446,0
pres_6zK35TMsxLTjQSeUac77,-1.5741117,6.405405,9.778736,0
pres_jOEWLFmE1wISE8GOjxEz,3.8548725,3.8928072,9.979769,0
pres_xGhzoRQvnqJDHDOF5yv4,4.9956484,5.413043,10.532876,0
pres_eCPH2dxkCyoJK3RmiByh,0.9080339,4.51105,9.8893175,0
pres_SrODgzgsSL8PC3Tr9zLY,2.5455542,5.312569,11.143654,0
pres_Re0258CjHKKtX1mUrToZ,0.3933463,5.463454,10.727319,0
pres_AUorbAcIOMFxjb8CPrId,3.2665975,3.4669285,9.327561,0
pres_Lzzi9WpnT2sMsIWXGvzg,6.803054,5.0923176,10.03615,0
pres_A5Ul3iNZhlgc1d2EcGaO,1.1423947,4.486793,9.44697,0
pres_c5fuvGVoX9qGI08cX762,1.544984,4.5427084,9.506263,0
pres_dOF5YXRsiWEKnAubd6B7,-0.7952407,4.6555204,9.006531,0
pres_ZOjYXXkMLCkWCwxtvc75,4.7147255,6.0596104,10.221853,0
pres_rthgHIlnyb96CbSnNod3,1.0696503,5.0535965,9.353815,0
pres_CfVHJ7hUr2rAXdZDgBmy,1.6775607,4.4938335,9.88008,0
pres_LXuibzc2qOAfz2lREpf0,5.2627964,4.435696,10.505014,0
pres_BHLef0Wy54JJp1tDuv23,-1.6375406,6.0254545,9.396858,0
pres_dyC5q8UWh5tMRkfXITqk,6.1354666,6.6380577,11.143534,0
pres_3fC7qH54rqi1UIaFP3CU,1.1660043,6.3395524,10.438207,0
pres_WBYiOo3PDDbsiLGKowDb,1.0032648,5.0428615,9.366107,0
pres_uBLLci9nyI4t5h4uHSYN,0.54287446,6.216918,11.283928,0
pres_Y1NJ2R9XKKCTmRip9muK,4.5921974,5.3746834,9.748779,0
pres_yeGeZuvRHYk6KyLfuO2w,4.5430737,6.2518487,10.141737,0
pres_tirHlWCjf6aX8jWbo9sJ,4.745914,6.878121,11.323359,0
pres_40GqQZ57U1mCXvzvF3gA,5.083635,7.157998,11.30008,0
pres_JBaIQ4DUOckFFtOuEHc7,0.7599053,5.020729,10.636865,0
pres_wuIaqPADtfpA4cgOQcZG,5.899565,5.751071,10.51547,0
pres_E7VxtOI78ECBv0uwibgb,-0.062270846,3.8777962,9.037217,0
pres_k48LcLDUDYISotsS6bFM,1.9667493,5.6141763,10.222389,0
pres_nIcAAjNIrhesL7uYRyVD,4.856817,5.224441,9.614741,0
pres_lqaU7FrEbDd3XZbiCqJ8,3.4179654,6.4578266,10.796238,0
pres_QmytRQyzubrMWr1p4uhR,0.59448344,5.325917,10.657312,0
pres_xVGlshkOTnewYXEtd13Q,0.120022826,6.3194237,10.577475,0
pres_YaMHAa0rKQ2BQdvaNqVo,6.383999,6.4509687,11.533961,-1
pres_UREPm57Uurc2aTTnuYvt,0.75654167,3.5735319,10.151106,0
pres_dDXeqTdps7vM3B4Lxsdp,3.7980914,5.801588,10.438935,0
pres_GBaZ8slSXskyvy9QbX27,4.9946847,4.6265736,10.369123,0
pres_4vvNgkl2eFRhntCbaSjt,0.48067877,6.845551,11.395137,0
pres_5BLVQEW3LVWKGApKm37V,2.3443093,5.1806912,11.101483,0
pres_WG3bTYpLXpIEq3GtH9xE,-1.2121398,7.186794,10.690426,0
pres_EDI3fRmtOIQ00SFrM7J6,0.061867017,4.938112,9.451387,0
pres_UWD1Q4MbojOqnxAFdXWq,0.77028805,4.8312693,9.771747,0
pres_DcQpEDvvKqsGCLJNlAea,2.1067233,5.6606803,10.135636,0
pres_Xc4SSGSX6wCthSzfvpQw,4.035613,7.475799,10.877887,0
pres_tnf7DtMSRuZYapVvodfX,1.2826177,6.4609036,11.556493,0
pres_uYZtHuihLQYdE5XVGAf0,-0.7439669,7.502111,11.088201,0
pres_OlSYdQPRW82ANkxAvAZZ,7.4826007,5.34441,10.305807,0
pres_IZJVcW6p47L8a1LOXSyE,1.2260005,7.0619364,11.113282,0
pres_REEGsEmjKOr63ItNxK3f,-0.34573555,7.1807523,10.613305,0
pres_X154916Z2rjUDrGovajI,2.786679,3.4217129,9.174694,0
pres_0BtLG86oXgKtIUxOIAm5,5.9261866,5.4487567,10.276236,0
pres_GEBwpm2AS83cxnbdK5Dq,-1.6393586,5.8507094,9.373193,0
pres_dCXH4G4mAG6b0M6UHWoD,4.7502866,5.201969,9.682767,0
pres_rhRM9nSxhjs8MFEPqEjU,4.1030235,5.1113334,10.808483,0
pres_bOzXjl8UcEMQ4fFs4Bh2,0.74616385,4.0177245,10.34748,0
pres_1lfJuL14RUbA41llXijY,3.7823577,6.537201,10.767635,0
pres_JfzxnxQ0gtNPcEWSJVZO,0.260853,4.982875,9.981041,0
pres_yRvRs7dgtDeHl4meQ5TO,3.861814,4.4537077,9.979109,0
pres_G86Qx0DtAHmkT7xLEBMg,1.5933322,6.5351324,11.120795,0
pres_PYeA7rQoe7bj8DMGVPdm,1.8469783,3.8371794,10.812543,0
pres_9F4YQwBC33HAhvqkgJ8v,0.56439966,6.030818,11.166743,0
pres_WaHHuu0aFLHEZ5ZDlbzk,5.022389,6.041101,10.71006,0
pres_j7s8Cz3PXrMWmqAZ7OIj,5.1946774,4.3295,10.146034,0
pres_cML94CZfum7cYDZG001F,3.2110455,4.9035997,10.79432,0
pres_S8dokGwqPNyBpMZpYrND,-0.65659267,8.101568,9.674666,-1
pres_fVScvjqSFrlyu59KXvEN,7.238296,5.2509146,10.256879,0
pres_PMcZA8LznHI9Z2ZExlLa,2.5760982,3.3946147,9.185928,0
pres_304OPP6xc9icHS8i2Qxr,5.3213854,6.9585814,11.469551,0
pres_NojHbSHmSBUqdqljpzWp,5.041668,7.40252,10.989409,0
pres_8mwluHnaacPZk4qmk0g3,6.655129,7.3860946,11.415587,0
pres_y1SlerCDA12fuFELUiXR,-1.3606467,5.6653996,9.845313,0
pres_59T6Ey5CNHjkEo8PFsRi,-0.4066618,4.5492225,9.619623,0
pres_BefAFFAea7nUcLWkH4PM,3.0153837,5.0634875,10.472695,0
pres_pqfwvlMVKcsJKmGVhFvZ,2.0993805,5.4705462,9.790634,0
pres_8vgxWJcB6o3U1vuVJXRQ,3.194724,4.35629,10.404945,0
pres_p2828GKmmFR2RAQcVvQF,0.29902592,7.4498887,10.936147,0
pres_Y0yA2wHMZtwW9w0FR7QC,6.4269595,5.6102004,10.40472,0
pres_ORwlxHW84lbXRaPzQE2o,3.0888638,7.377555,10.973289,0
pres_ahNsvclCNR6sbLusP78Y,2.3217642,5.297105,10.128078,0
pres_lhUaN7SQeRtVN3sCUvtR,3.9617329,5.3804913,10.79659,0
pres_7chORouw1WHjcRlCDPTV,7.2959585,6.9559245,11.1419735,-1
pres_Yotzd3FicuaCQ97Cef0x,-0.54443616,6.8369074,10.66701,0
pres_OiJ6W8EidYSAnprudfss,2.540085,4.164836,10.121093,0
pres_p4yi70zkDtt0gK4SqFTr,3.5395608,7.270101,10.443775,0
pres_QY9SCX5uGSF8h4cPeTo4,4.989096,5.414532,10.49693,-1
pres_mHEUt9Atmp4MruxGaLcT,5.316217,6.747125,11.784075,0
pres_T95YP0CayNfQZ863YfRU,0.46043015,3.7680056,9.649519,0
pres_MJZu9ZaCHkYM2uYaZlpf,3.6272995,4.619123,10.821484,0
pres_f5kj9qBsJKPOROzIZDIC,6.2601542,6.885908,11.636251,0
pres_uaZ8nUPkh6uBXlKe5NbC,0.6024371,4.472436,9.210403,0
pres_jJr1wI7gQIIXChBFgPGa,4.5421147,6.25734,11.318364,0
pres_gDQ2pwTDKcdKQiC6c6mY,2.5340166,4.108015,10.16377,0
pres_utZKzE4VqVcMc0dblf5K,4.957408,7.2871037,11.5439625,0
pres_n7FY5VriFICAiw3A6NOf,-1.1156619,6.901821,10.565964,0
pres_bytQ7NXfxleQScfqxhqO,-0.59549266,7.1249285,10.657191,-1
pres_b08dGguccatXAdrqL0ti,4.1369715,3.9934576,10.090822,0
pres_lsX9NnIwmocihDDwhFOa,-1.5436733,7.781456,10.745042,-1
pres_glKx8KdxAGEIjMIligaR,2.5062182,4.4512644,10.23234,0
pres_DauZBaCQwF7shKeGTLd7,5.148694,4.2378335,10.36054,0
pres_ZGRaRV2JlJixwru1wZjl,-1.9235128,7.2531924,9.865136,0
pres_3HTC3URHcTXUqxs8mJWe,2.6084666,4.206992,9.696595,0
pres_Rjn6PVNHxapiM5DNaT5n,-0.11248014,4.9877243,9.294262,0
pres_V1SVoG8yhmnyp2nyx2m5,-0.07852984,4.203761,9.7385,0
pres_0SIq8eKTpyJG7moLYadk,7.0321727,5.9881535,10.842637,0
pres_IXVlxfVpwedSbftDFhEe,4.6599317,5.828814,10.5199995,0
pres_x4glDZbDQpW4CMDgqm41,6.9905796,7.2168527,11.014221,-1
pres_yumA0cZmupZEi3uQdhFG,0.70271057,6.113277,11.163196,0
pres_7XTzKFwV8xq9jDC8tD0s,1.3878821,5.115095,9.817631,0
pres_fEIa7Uu96LucrrAzi603,6.188915,5.2870197,10.745257,0
pres_oHl3ctBUx2ePpXFHHqki,3.0830812,4.7122707,10.768165,0
pres_rh9lEMNQ4g2fScTmpRWo,-0.19471641,5.599147,10.533559,0
pres_UqIbYHA5H5Ucdi2ZenS0,0.11114737,4.072699,9.587603,0
pres_yIQZ0lpCSR5KGpHzkHHV,0.28475666,4.7562613,9.188503,0
pres_0Y1tMlvMr4rbgdG7ImFZ,6.739292,5.539794,10.118112,0
pres_JV7N4IFUkjIMF6FmayhS,1.5628325,5.7720523,10.3939295,0
pres_EMtfGboq6SEv1a038Xie,2.8768773,4.354277,10.638157,0
pres_hVMZ7LQrExQRsyTHKlnX,0.7120523,5.2009754,10.902022,0
pres_Z0e6ZxrxyUQozoRj2kML,3.5252275,7.2150116,11.031323,0
pres_gUvNZtOWqRX3El3cTDwH,5.3427997,4.5250683,10.4176035,0
pres_ypPenDzVSS2VUCL6j4Qp,-0.70199,6.409969,10.718271,0
pres_f8DiEl5tfhzoESLTHTBg,0.5909937,3.993194,9.85188,0
pres_9YmzBUBLCiEFowrXBhOk,0.7517996,6.822441,11.173342,0
pres_1czi8Gp9QveZobim62WV,7.3421125,6.3634715,11.119635,0
pres_gvbHlkTN1q3zhnt1g1Dh,1.052872,3.5693007,10.304025,0
pres_y47O61SXfIcgXaWmJVr5,6.2892904,6.9458385,11.847395,0
pres_3lm2BdLsxmohiI2pOczo,-2.1392233,7.3094983,9.892304,0
pres_yHpIE3aNPZ4sgV2rHA7S,7.495868,6.218233,11.033972,0
pres_LorK2efx5xkNv68qLexm,0.7382414,7.4124217,11.205005,0
pres_UQI2sDB0NWMZb500GLh5,4.1337976,4.5017924,10.384561,0
pres_HEc3nHZTjoWR0dYCYMHh,3.211234,3.4902253,9.395144,0
pres_7u87GMCWVnvztyOzShFx,-0.15760045,8.076295,9.774621,0
pres_9OaUWDhIWZ1YCPW30Y5I,5.6203175,5.5558763,11.069307,0
pres_oFwqsXJS9Jgk9QQxf7zG,1.2464329,3.7505345,10.551899,0
pres_cSUnKgOheEzDDzv3YdcM,4.953851,5.421341,11.348652,0
pres_yTMX3XnSpEW6F8RVCn11,3.550864,3.7032604,9.760784,0
pres_JTuSk9NnNZxK3brYpoak,0.0761847,4.8444552,9.195134,0
pres_KCpyqmnUUGUo1r992nwq,2.2522204,4.283271,10.284179,0
pres_s26hTIG19ts8Bm1gpDfC,4.978667,5.143264,11.20362,0
pres_2vmj7IuTjrenzDIZIFBi,-0.56935436,5.392909,9.942554,0
pres_QIz0KNr4tHYufIDbZv6F,0.36949846,7.139505,11.250784,0
pres_WoLccTTH7J4bu7WLv3ey,3.0739634,7.0422745,10.118954,0
pres_6Le9URZqj0EYdcFzrDog,6.251524,5.9756913,10.642482,0
pres_JIJN2J7c0CO0On9dIPxi,0.3189976,6.2184186,10.497608,0
pres_JhtaqpgGaLrjmYpcn8kt,6.0249605,5.5650253,10.453972,0
pres_dIo5fG8ub0KFPxEGHCyo,6.3124733,4.405771,9.517985,0
pres_zwmPSBYxYGJFKGVJxmVa,-0.8939457,4.233552,8.909938,0
pres_UxeG2PZhRa7ABk5hZozz,7.100941,4.911497,9.909525,-1
pres_s75o3F7HStCVTjLucMUr,3.6700008,4.8257365,10.790957,0
pres_barAzqB4kGY24NTLTyjT,2.0212948,3.890742,10.761246,0
pres_gdxX7j3E55dxDvODj9p3,1.5660653,5.9272494,10.569858,0
pres_V2w7j9etEms3xxv2y1W4,-1.5291171,6.348807,9.519081,0
pres_JVuIdu3bpgZExgUI0HIF,3.8839087,6.2308865,10.783332,0
pres_4goEt8goIbd3GGQMFQgN,6.701863,6.5407968,11.391242,0
pres_Y7YYRpTVJLmPHCerYDzo,5.158453,6.843952,11.59747,0
pres_FQ2KlgoXXwAzeDABrdvC,-0.1371492,4.097687,9.329389,0
pres_9EULnqL81h5RL1h4FF14,-1.3037313,5.3224535,9.222406,0
pres_s6G4rF1I3TPk86IzIb87,-1.1359457,4.794955,8.91581,0
pres_eJNEa00nZc1ZLes3Dd9Q,6.7674837,7.630262,11.104414,-1
pres_GZLsly0AlSvc3lLBrYpc,7.108633,7.095976,11.200054,0
pres_bxgdFHSz84CGUJBrnCfR,-1.5594712,7.2667384,10.351307,0
pres_mcAqh8xg86QB5NtQDRgr,4.815685,4.482611,10.642655,0
pres_sJa5aUjT0XBxIvAKUXcI,3.5788002,6.3212805,10.648608,0
pres_WJhyQ2ocymJPVX4pCU93,-0.2652976,4.490654,9.717578,0
pres_SKQKZHvtiAGWpyxmkm47,3.5002122,3.7450106,9.562331,0
pres_ltLKy1yAdeJumK8HWf90,0.1357253,6.1601443,11.023169,0
pres_omHb9kCWOepPQjk0Dvxt,0.3876112,3.8117962,9.848826,0
pres_whMHH3NI1O7Ie3GSNuvM,-1.0679059,5.416701,9.712643,0
pres_lbtgxFxXUYmtv1zYEt72,1.4827235,6.3904133,10.959589,0
pres_eM3cQIHA9R1GLt0pSn8g,3.5877833,6.0659657,10.119747,0
pres_9yNXIT9ZrOm1Ui9wSxwU,-1.3214432,6.735613,10.3997555,0
pres_M7y8HX98iDERaZq6bLhx,0.82010144,3.779247,10.218271,0
pres_j8pRGhnLinfp7Voxr7WS,5.7075415,5.1002626,10.635544,0
pres_68bB7DmjKzL8ooDOxB2T,6.145127,6.9451075,12.094113,-1
pres_gorIlJPHeZ93Ehy4XghL,0.853929,6.3788376,10.2722025,0
pres_C10cdpkTBZ6w3UHtdfkd,1.8180913,5.0154386,9.637775,0
pres_YYjesbp3NWSoiJ9TqQe9,3.4606385,5.950035,10.382673,0
pres_MDW1p6Dmo2vrCURER92O,-1.0787191,8.438619,9.583065,0
pres_JvxTt9GHWXGWESZ3S3Ig,-0.9342382,6.7570004,10.405588,0
pres_1Iw61snfMNx6khurXKGV,7.0061636,5.7904,10.511916,0
pres_MTKrjj8CWK035hA0yn1z,-0.8134768,5.743092,10.268781,0
pres_wZ5rFip3u0aSg50ruNaL,6.2441273,4.50563,9.467842,-1
pres_duSPo4g327Qd5ncCmdou,7.4580207,6.5027204,10.992294,-1
pres_DVWRSqdJ8wwTc4bNg8AK,-1.2288171,4.925315,9.403267,0
pres_U1XDYucAYu8FwkW02VE9,7.514855,5.424844,10.4522705,0
pres_DoWhJmAIPjgkTZKzBHoW,0.38766757,6.3894086,10.822071,0
pres_otwXQUAFStXngBiSHm2L,2.8897424,5.2952228,10.55808,0
pres_luKI6LFjo6ycjaZHyCQi,7.1358614,5.518657,10.2099,-1
pres_6PJpVcmbdh5fOok6Locy,0.08620166,5.71514,10.551185,0
pres_Jes1zCk3RCaRH01mEDk5,5.9468474,5.392176,10.310471,0
pres_oMrCwCkgRz2E1xmghBYR,4.51899,6.503871,10.96802,0
pres_SwhPtNGpyMEQJfbPOAqb,1.222388,4.0171494,10.80183,0
pres_EXq8nVia84kfQ3KT6YCs,4.784979,4.698369,10.186916,0
pres_VyPouyEXMNCMILBtWQCV,-1.2459598,6.338658,10.248637,0
pres_Vz7eVYAKgW9XzGXeDApS,6.803455,5.6003623,10.29586,0
pres_Er9uGSsfb6r6vfEv494w,6.6099787,7.2084603,11.530685,0
pres_ofCgRLLpTeB4btke5wbf,0.7941541,6.3413444,10.954061,0
pres_pnvsoiH9myaWxMEEP0mM,3.657155,3.9995184,10.156352,0
pres_nF357BY4iOpNRVJ6xJ7d,0.9420385,4.1830096,10.10454,0
pres_wsffKfRaDXAY4VV0pply,-0.25471663,3.976403,9.562823,0
pres_Jc4Z7PzAZ6G0QyhQJYvC,4.958522,5.7525105,10.596618,0
pres_knwu8T2A8G1tNnK7YcfO,5.472321,7.4298005,11.018095,0
pres_BbdBnUS1M6YRqGPogrDv,0.21823859,4.8238273,9.204675,0
pres_yWg0aUlXKr7ByYQ1JpwF,3.2443762,3.4064412,9.24947,0
pres_rdErev7qJB4A7hFSSfzy,-1.7383916,7.514044,10.287105,0
pres_ugWALQ9RFBTLmJHN3zLs,-1.1402677,6.5583034,10.1388,0
pres_uVIuO5yzZ7EcTu1f6S1Q,0.2929037,3.663742,9.064134,0
pres_pmWnMsQTn6Iok4x04Jdl,-0.71875846,6.9484425,10.818085,0
pres_GUhCssDMqujetEKrHgsL,-0.57814574,3.9131966,8.9964285,0
pres_P29ybtQbBH25TSzqri8V,-1.5675863,7.528857,10.279591,0
pres_aPuYIaGWVrSRJ88LGiUu,-1.1551855,8.431137,9.571072,1
pres_Ht9SzEmePhDVtuiuFFU8,7.4982142,5.4212375,10.372261,0
pres_jYZUvuCVtajNfaa1T3OQ,3.4727044,5.3794684,10.433509,0
pres_5HrZaFicswQQOOJehXCs,1.7296883,3.7615826,10.397173,0
pres_YD4cWiduPlyeNBnQsQZN,1.2172232,5.612068,9.499031,0
pres_WmHjkeQC8hdcR8w2aRUt,-1.4526213,7.340289,10.430894,0
pres_or2WKHGxPHPUvWGD4T97,4.7674537,5.948045,10.741176,0
pres_0ayYDEeTgM0TSmslG38t,5.4156485,4.64619,10.68519,0
pres_c1u0q0k9ol8Rgbap0TKB,6.75941,6.3847923,11.406741,0
pres_ONaKetcRD5zzJL3CTKng,1.0795454,3.7346952,10.485382,0
pres_d0IDphLUDL1qajGIixzT,7.4292693,5.9293747,10.695497,0
pres_tFRWLY3UBhq0A7nzhsW9,2.7622046,3.3405015,9.102252,0
pres_eFqRS0qq5KLioo1AGWgh,0.5582689,5.644384,11.1577635,0
pres_GjL7N7tDLjBNJ2S0cUJF,3.332432,4.512419,10.453175,0
pres_reVMbHO4RNHjRGtQJiZV,1.1268606,4.677544,9.495118,0
pres_QtnwkQPf59vpTpjN4T1X,6.2510133,6.1807427,10.692102,0
pres_1W1oR59CG7nfoeiDLsIs,-0.12817553,5.714832,10.4850025,0
pres_JPxc1SyzdXREbHMHqeKE,5.909274,5.4187775,10.460161,0
pres_csEwwsOjlbrR4PYdS4rX,4.900513,7.5648427,11.161082,-1
pres_I11OI6XIq5fqjHInLHeH,1.7987877,5.837959,10.1871395,0
pres_gbvtfmdZOKmXPEywh6N4,-1.844776,7.349527,9.894004,0
pres_vxoYyWG1obad6NqXw9u4,-0.69980246,5.348411,9.862269,0
pres_ZLvbAZMst3YfxTIRhl1P,0.5437712,4.892308,9.456,0
pres_B6tZJx12KUL7yJUv5WxU,6.9768505,5.4434357,10.120283,0
pres_EbM4pFWEO4zgp0dD75EN,3.6048038,4.73442,10.5238905,0
pres_OASM2qB7XW9lzrYqi6CQ,4.6229377,7.0613046,11.42201,0
pres_HXmAGLDSuFqAASxzng3y,-1.3342453,4.920632,9.19196,0
pres_WxOBKSlQTWYo5uts3pdk,-0.6251587,4.9862356,9.836676,0
pres_mqsWSIje6vSiNeOaMiPs,3.2057092,3.666665,9.673705,0
pres_GeO1EF4Bi1VhTbGO24iX,4.9756265,5.3910265,10.102251,0
pres_wkDfzXDUWM40Dorqfgkm,1.4145097,3.5662773,10.736006,0
pres_Go4uMSB7FE70Zbfdh2CH,1.5132602,4.7682304,9.35889,0
pres_b62WI1VfaJbvEYse3Uu8,-1.0792607,4.5162234,8.831857,0
pres_VbcmuMIaEc4BfFoCLivC,3.9032152,4.823869,11.099746,0
pres_PHKwMnLI2bCBRiegk94w,-1.0848659,4.9122167,8.906274,0
pres_3z3khopzkrdMuqvNR9Hh,5.776324,5.5664473,11.304241,0
pres_Z1OyUk0W7yTR1TLN59kq,6.4159837,6.8044176,11.67252,0
pres_BkQRYWbFPuvcnQgHD0r3,1.1436858,4.0992913,10.762628,0
pres_M71bN98lV1AK93gquhdp,6.308161,4.8948345,9.789048,-1
pres_7M26gfw3XgOzAGFeUQOe,5.7218103,5.0193925,10.830315,0
pres_Gxc7h9H45aGBJJLHz80z,1.555347,4.736343,9.690337,0
pres_ioA4CIeVStHN9HrvZJ4C,1.7611055,4.440621,9.416748,-1
pres_7fUjXrpnXCvy88o0fkgW,6.742993,6.1894836,11.117004,0
pres_jBmogBs2u871TtwtP1bf,1.0810856,4.373763,10.282531,0
pres_sft3byQZvux54zqLVHlH,-0.41319624,4.7760773,9.705876,0
pres_0Hwl4fG8snprA0DpbiNQ,-0.7118871,4.421909,9.370009,0
pres_QV4ZmXl6zJgLYjqf1VzV,7.4246297,6.206122,11.011989,-1
pres_RjnOVylKP3dFOGVLjWNT,3.2835565,4.994254,11.2107315,0
pres_KS2cUbnPjQ8ns2joCBrX,2.3143349,5.445502,10.047867,0
pres_TZggXzuNsg8r08GsfmZx,1.5106624,6.874211,10.999105,0
pres_fdh5TteiPThsY23YMnca,1.3635108,6.5747056,11.150807,0
pres_oC56o7jmGvxTiEEPr8XC,-1.0335561,5.98174,10.021258,0
pres_PaDfyWSBxGbQO5UZzVhW,2.6781526,6.8076925,10.890869,0
pres_PZLKvi0VCmg9z7kvMFzA,6.5125623,5.1569424,10.031289,0
pres_nK38jgRvNSP3vj3LSbDT,3.0594478,6.367299,10.088828,0
pres_zgsjDShhdTDXF5fjsHyf,-1.1300218,7.5282288,10.563371,0
pres_0H7AjoVP0ZY1cxBeMy5q,0.7132486,4.3165364,9.765615,0
pres_6laPAqrx1AeKdxczrdjT,7.307507,5.201876,10.222391,0
pres_ClHrAh82tWyiaM2aES5g,-0.6658501,4.706883,9.550646,0
pres_U5z5NGR9H8Yd0lV2VKQa,0.58984214,4.5608473,9.114397,0
pres_3wsQPzFqqGAeuWbNH5ci,-0.4029124,6.582088,10.977363,0
pres_e51PKWo9LspsbKWN7RLl,0.038673386,7.94254,9.637153,0
pres_ZQifcvWjc3LzvfXgf7LA,5.0461226,6.8905506,11.149667,0
pres_K0foJnT4T7O4KsNUT3YT,4.380734,7.191777,11.477419,0
pres_oORVxQvZVFZ45qweUZuU,-0.7945093,4.100009,9.043474,0
pres_82YKRTtUmbaDbN7hmvpo,4.145651,5.064366,10.141258,0
pres_199tYjvAO5wo51zRzjTa,6.421716,5.510155,10.506857,0
pres_uC7ScUSORdtHkD51hmEV,-1.3624167,5.5489736,9.666162,0
pres_ngkRZYJBefCL6tZp1EKJ,7.203249,5.3995724,10.205717,0
pres_HYWfrjGpzvzx4IkQ27QG,3.5275424,5.6783795,10.4827,0
pres_4CXrLBsOvUkIebMkb5JP,0.083178446,4.0030975,10.011616,0
pres_GVVzl0RRgDdTQ2zTak3W,1.2440493,3.8577127,10.684209,0
pres_G9D0NoqxG0j2ZqKgQp5r,5.103006,5.4695005,9.792457,0
pres_h5Tr2bSYMBjfs0gfn2a1,-0.23510262,6.676981,10.517675,0
pres_2Yb9Fq3aHoXe4z5ctpyf,6.1293864,6.000699,10.982585,0
pres_ipy0v1L2yvyUp3rQwUmG,1.3591195,5.567304,10.31759,0
pres_3YD8HOr67AY8abKCu0Gy,4.0143833,7.0129676,11.479092,0
pres_1R0ILi7GgLI4ENSfpT0V,3.54068,6.9017644,10.834501,0
pres_0L88msyKxFHALC4t2RFd,3.234414,6.3770633,10.586903,0
pres_2weXJfD4JTZmNAyhbTtj,4.5130663,5.2755203,10.114099,0
pres_3Xp8tFC6en5O5OhhvKey,3.6521394,4.5348034,10.339976,0
pres_fk3aACLiKlXTfDlu11sy,4.070178,7.19111,11.412057,0
pres_pgPtKhTc0pzecCs1AxFO,1.5091769,6.4229846,10.716297,0
pres_zWTYA0lCyjvZulq2lOaU,3.7644253,5.0085278,10.067959,0
pres_wB8ohmcDfvyoDOXvwT4W,7.299529,6.957563,11.156183,0
pres_2PAMqSCiYucIXmf5Zoqg,-0.35149527,3.9166796,9.020703,0
pres_NZvvVdf7DrwN27eJjoI7,4.6419625,5.4357123,10.017327,0
pres_O4qrx0weEi0IC8sdEeWh,1.3919847,6.7735534,10.79423,0
pres_lYg0MifqleJJZVrFRlSG,4.9418387,5.954179,10.7887945,0
pres_zAL3S6sYKvPmYJalPwju,3.3294024,5.2779074,10.332581,0
pres_MH3uP40EpwPhpRPjCaHd,1.7169932,5.941579,10.557373,0
pres_wxRJFci72V5soaStCdmH,5.559531,4.6992693,10.766629,0
pres_Sp1YbebXPQnOcw9kIxo4,2.6769772,5.51107,10.836252,0
pres_6PKC1Yamtf8spuTmZ7cs,3.3993864,6.767314,10.563066,0
pres_N8VSR7dyNUJ8Sje1J76P,-1.1705275,4.843636,9.320128,0
pres_UHCoSlidb3sqx0CYiWqU,6.182456,5.101988,10.500816,0
pres_8gV0Qua9QfNhvWgB6Mi4,4.184388,4.7510915,11.040553,0
pres_7EVHlN7hPA4hPB27TM1i,6.2759423,4.460047,9.4942665,-1
pres_IvaMMWuJpWdsGIrAb87n,3.4371748,6.2657485,11.452853,0
pres_9yBPbboKyT8n5fnXOVOQ,3.4509969,3.9654214,10.245999,0
pres_Km9s0MoSVoByEKWjhvMl,4.70148,6.1367188,11.279783,0
pres_LfgvSMWMnhFtne4n66sU,7.562915,5.417787,10.423899,0
pres_pQQWZeF8ZOKEYNzIUEMz,4.297876,7.365181,11.157936,-1
pres_fh4U3YtFtC6ZHSzRrFo2,3.1099758,6.8177385,10.391208,0
pres_DflZBKQiaQZ1T6H49UmZ,-0.57909614,3.912758,9.004221,0
pres_OptraenybkAhwxcAdoOW,-0.20297241,5.5353055,9.503827,0
pres_S9Vsm1QZsFQIWC8tTo36,4.483867,5.7279754,10.174437,0
pres_9Tl5wx9EzB6zKPFiA4Nv,6.285343,6.2553163,11.342684,0
pres_xHEVmdWKz7AJTWDJejnQ,5.905538,5.488724,10.648733,0
pres_PYCFc6u9OQdQiCrUz89t,0.20488644,3.7419922,9.586781,0
pres_u9htrTWElNubEYAzB6cM,3.6201067,3.8718762,9.795446,0
pres_iChad1Bb1k5SWNGdHALU,3.0981133,6.7166433,10.936263,0
pres_SmknDvb6CfCpbMd3kYEO,-0.09025309,6.021666,10.586753,0
pres_i4DWhDzr3UWwFLH5c2tP,1.0408422,4.9168444,9.518786,0
pres_pNnaPa3iXLDAANoFLaNu,-1.2416068,7.6466722,10.913149,-1
pres_UXCbiKi2z2xxlu1npp05,6.6039653,6.0128717,10.954634,-1
pres_unNeap3VCYK7LEneplOz,3.360484,4.8366113,10.644027,0
pres_OuwLeIwTIpdhxlpeGZma,3.2444127,7.059527,10.7128725,0
pres_IfsPTOG1p91R5nkHScns,0.40871176,5.264156,10.646878,0
pres_4RoQfGjlzjp4REn9prON,3.5842106,3.737265,9.742936,0
pres_oSPQImPfQER32pC6fveH,5.562875,6.4244766,10.781706,-1
pres_4aCrENKG99G72XQHV5Xt,-0.018181324,6.5495954,10.878181,0
pres_6GBEZ5vmpDpqDG6IAruV,1.9801422,5.701964,10.169079,0
pres_Kg1G3YEQmWvzbeaRAIMP,5.1313686,4.9345665,11.155557,0
pres_It0swvw8HciWKdfX753y,2.0624328,4.196454,10.130887,0
pres_Q52rCApv8N5rj3OndNF0,2.1550815,6.9789405,11.03037,0
pres_KkKLq1sAiWUmrwJBtiuT,3.2024748,4.035427,10.345009,0
pres_qdlgXarXxfcxxDdLoVde,2.2052994,5.8160996,10.372593,0
pres_jvMyxajrqQhvA7B4XZ2C,6.305706,7.122461,11.5391,0
pres_ErcEmIfEyMqBCEsUfdlf,2.2280793,5.458254,10.165464,0
pres_0loZrxW0H8cVJh0TUGJ1,4.4401755,5.1222253,9.604721,0
pres_lRf6eWrSOHFSc14tWVan,3.418404,6.417657,10.45096,0
pres_mVXi3vZQfdhkcB6cRQNt,2.5237398,6.7789774,11.309763,0
pres_pU7G0oxmQl2B2IzBmLiY,1.843311,4.169345,9.527853,0
pres_dObwC7aNLvF0Yd45upU9,0.44448718,3.7909582,10.002599,0
pres_jttnWjg11yHDUp8C0rqX,1.9669243,3.9218452,9.247231,0
pres_SUbJtn0PWaXcRQleC7fL,5.586961,5.0805545,10.92839,0
pres_V7dkFEum5v1c0mRWu8AT,2.7579901,3.378227,9.127033,0
pres_Db0ETnPncg1W5k5l1YMk,4.476917,6.2236323,10.03192,0
pres_VH6F8nhdYtCbmmsmI1sQ,5.2419453,4.687999,10.9883175,0
pres_WOBsFw5vWsNkGoSFW4y9,4.1254797,3.987947,9.622808,0
pres_CXdfTFedcGENJGVeb0Ij,1.5405433,4.652356,9.545987,0
pres_5Y8qTlNImgUj9YIvJlOt,6.6301837,7.6094556,11.136707,0
pres_hfe4kfytv1IIkQumMid3,6.691189,5.1504903,10.130108,0
pres_7kegluEtScpBmXSJtk5K,2.8683834,3.3420358,9.095857,-1
pres_tArQykXJFwPPxIhvErlR,3.5284076,4.5504813,10.357672,0
pres_xfwoDU5bkO6xUY27EOYY,1.7347088,4.4311724,9.545297,0
pres_FiyxHCeVEmL7IL5WY3zw,-1.4911948,5.6920896,9.291822,0
pres_ZsGmFachId4TiNxHr9Gy,-0.51591814,6.268026,10.167377,0
pres_6ilN2dI17yOdl9kegcwz,0.23699693,6.50204,10.380493,0
pres_J9dgsYvqPVnptJ4ufmql,1.2962681,6.9195156,10.912418,0
pres_9VH4K0xxmOjGMZGnPCdF,5.197161,5.515809,10.284279,0
pres_52unnYdCTuM9CNabLIgY,-0.7702523,4.5509114,9.398295,0
pres_iVjpVhGOKmLWxk1QMpRi,3.0055785,5.817702,11.04762,0
pres_OOV8V65EruJygy2RfhmO,3.5833223,7.476999,10.67909,-1
pres_9iFzU3OrJE0OdwlNHr8G,-0.05403246,3.9700701,9.45846,0
pres_iOOFQFxWYEqRymOwIco8,7.59993,6.3186393,10.927622,-1
pres_GUC5vZnDi3rvzPWM3hR9,4.613162,4.8196397,10.981808,0
pres_dLVU9dYgm5i54rj40sF1,0.2700439,5.3055034,9.938857,0
pres_43BEgzaEqxyfyYtjg3YJ,5.7267094,6.7162566,11.465121,0
pres_30ss1tNqx1SBOveOmM8l,2.9900806,6.579851,11.215539,0
pres_Hva67yWr6J2XLnHp2N5t,2.8929963,6.2271338,11.467381,0
pres_FyNGVwfRiQBzq0fJoxTc,2.3025134,5.6518173,10.246147,0
pres_17JRrovY3zwqwBYRRaZt,-0.90598947,6.0577006,10.384438,0
pres_oXgkEaomNZpfoDq0OqYo,4.688803,5.08627,9.677619,-1
pres_V6ZYVoums2Hg7xfb560R,1.4722418,6.9400325,10.59438,0
pres_9UQydzGJNaEqPyjwly3Y,-1.8323029,7.5602374,10.185095,0
pres_9fRaQdyfHsvKABbQvkLw,-1.3502005,5.3376493,9.683515,0
pres_GHFGMMlh7x4jJsG6ljn9,4.7183423,5.141411,9.798524,0
pres_WzuoOS3yziEwrHqdI1YH,0.22519414,4.3784146,8.908473,0
pres_6Uq0PFZA8s1GU8Ct1eKc,2.0800192,5.713659,10.137888,0
pres_YS7Cre8oF0zBpl80RGgL,6.94527,7.395401,11.138576,0
pres_YbBBpEpCbKEBJ239cYwG,7.421428,6.216939,11.0708,0
pres_1CMbeOKvj8FXfVIEqp44,2.5722702,4.1009626,9.935306,0
pres_8faDBjUz5ZR1YG84zEbZ,-0.18940969,4.9952273,10.075708,0
pres_Hxe80dyPXC9pHA9W4Gyz,-0.84365255,6.3173842,10.319393,0
pres_h5RyhhGrskSF3vLA5Www,4.453105,6.029541,10.50573,0
pres_Ia3p7YwaFRbNpsALxCb4,6.0976996,5.7636247,11.0928545,0
