feature,label,term,energy_coef,energy_q,steer_n_pairs,steer_feature_rate,steer_random_rate,steer_excess_pp,steer_p,verdict
11326,"Basic (R/K) + Pro, before acidic/Pro-rich",activation,-12.881151443416904,0.005263748236917419,1680,0.05238095238095238,0.044642857142857144,0.7738095238095238,0.2081744223811754,energy only
233,Basic/acidic after an LSE/LSEE motif,activation,-13.47966163530863,0.011445512434340334,2184,0.05036630036630037,0.022435897435897436,2.7930402930402933,5.03214154913279e-09,energy + causal steering
6073,Leu preceded by acidic (D/E),presence,-30.10902298757233,0.011445512434340334,84,0.08333333333333333,0.07142857142857142,1.1904761904761905,1.0,energy only
10586,Hydrophobic (G/L/F/I/W); iGluR-associated,presence,-26.553298294936255,0.059151983657740534,78,0.08974358974358974,0.10256410256410256,-1.2820512820512817,1.0,no detected effect
14247,Hydrophobic (I/L/F); no dominant domain,activation,-11.253408575220979,0.06400307929043303,2865,0.08202443280977312,0.06771378708551483,1.4310645724258289,0.010775837513134934,no detected effect
4657,Ser after acidic; RTN1-4/CAPS family,presence,-22.06871800372275,0.06400307929043303,261,0.01532567049808429,0.02681992337164751,-1.149425287356322,0.5078125,no detected effect
12588,MUN domain (IPR010439),presence,-37.79159459993459,0.3291797901774095,60,0.06666666666666667,0.03333333333333333,3.3333333333333335,0.5,no detected effect
12918,Phe in TGLQG[F]L; tubulin/FtsZ GTPase,activation,-8.713727959870598,0.5316460536560028,72,0.125,0.09722222222222222,2.7777777777777777,0.75390625,no detected effect
1707,No clear pattern,presence,25.03986947678356,0.6947624570828005,867,0.016147635524798153,0.00922722029988466,0.6920415224913493,0.14599609375,no detected effect
2214,Glycoside hydrolase superfamily,presence,12.985677458911969,0.9005710516348083,60,0.15,0.1,4.999999999999999,0.5810546875,no detected effect
6869,Gly before Lys (G-K); P-loop NTPase/GTPase,activation,3.6887328479346615,0.9869844763620901,66,0.13636363636363635,0.12121212121212122,1.5151515151515138,1.0,no detected effect
