feature,rank,protein_id,position,interpro_annotation
582,0,evalbinder_Q9ULV0,1715,Myo5b_CBD (IPR037990)
582,1,evalbinder_Q9ULV0,677,Myosin_head_motor_dom-like (IPR001609)
582,2,evalbinder_Q93050,802,V-type_ATPase_116kDa_su_euka (IPR026028)
582,3,evalbinder_Q15078,229,CDK5_activator (IPR004944)
582,4,evalbinder_Q53HL2,42,Borealin_N (IPR018851)
582,5,evalbinder_P48544,218,K_chnl_inward-rec_Kir (IPR016449)
582,6,evalbinder_P48549,212,K_chnl_inward-rec_Kir_cyto (IPR013518)
582,7,evalbinder_Q9UD71,10,PPP1R1A/B/C (IPR008466)
582,8,evalbinder_Q9P241,290,ATPase_P-typ_transduc_dom_A_sf (IPR008250)
582,9,evalbinder_P05067,445,Amyloid_glyco (IPR008155)
582,10,evalbinder_Q9ULV0,457,Myosin_head_motor_dom-like (IPR001609)
582,11,evalbinder_Q9P241,442,P-type_ATPase_IV (IPR006539)
582,12,Q86UW9,561,Deltex_C (IPR039396)
582,13,evalbinder_Q9NSA2,195,VG_K_chnl (IPR028325)
582,14,evalbinder_Q9ULV0,411,Myosin_head_motor_dom-like (IPR001609)
3896,0,evalbinder_P49810,372,Peptidase_A22A (IPR001108)
3896,1,evalbinder_P49810,373,Peptidase_A22A (IPR001108)
3896,2,evalbinder_P49810,371,Peptidase_A22A (IPR001108)
3896,3,evalbinder_P49810,374,Peptidase_A22A (IPR001108)
3896,4,evalbinder_P49810,370,Peptidase_A22A (IPR001108)
3896,5,evalbinder_P49810,368,Peptidase_A22A (IPR001108)
3896,6,evalbinder_P49810,369,Peptidase_A22A (IPR001108)
3896,7,evalbinder_P49810,367,Peptidase_A22A (IPR001108)
3896,8,evalbinder_P49810,375,Peptidase_A22A (IPR001108)
3896,9,evalbinder_P49810,366,Peptidase_A22A (IPR001108)
3896,10,evalbinder_P49810,376,Peptidase_A22A (IPR001108)
3896,11,evalbinder_P49810,377,Peptidase_A22A (IPR001108)
3896,12,evalbinder_P49810,378,Peptidase_A22A (IPR001108)
3896,13,evalbinder_P49810,365,Peptidase_A22A (IPR001108)
3896,14,evalbinder_P49810,379,Peptidase_A22A (IPR001108)
5710,0,evalbinder_Q9UBL9,383,P2X_purnocptor (IPR001429)
5710,1,evalbinder_Q9NY65,347,Alpha_tubulin (IPR002452)
5710,2,evalbinder_F5H5D3,253,Tubulin_FtsZ_GTPase (IPR003008)
5710,3,evalbinder_P68366,183,Tubulin_FtsZ_GTPase (IPR003008)
5710,4,evalbinder_Q9NY65,183,Tubulin_FtsZ_GTPase (IPR003008)
5710,5,evalbinder_A6NHL2,169,Alpha_tubulin (IPR002452)
5710,6,evalbinder_Q9NY65,162,Tubulin_FtsZ_GTPase (IPR003008)
5710,7,evalbinder_P0DPH7,162,Tubulin (IPR000217)
5710,8,evalbinder_P0DPH7,183,Tubulin (IPR000217)
5710,9,evalbinder_P68366,162,Alpha_tubulin (IPR002452)
5710,10,evalbinder_P68366,174,Tubulin_FtsZ_GTPase (IPR003008)
5710,11,evalbinder_Q9NY65,174,Tubulin_FtsZ_GTPase (IPR003008)
5710,12,evalbinder_P0DPH7,174,Tubulin/FtsZ_GTPase_sf (IPR036525)
5710,13,evalbinder_F5H5D3,232,Alpha_tubulin (IPR002452)
5710,14,evalbinder_Q8N442,79,T_Tr_GTP-bd_dom (IPR000795)
5997,0,evalbinder_P49810,364,Peptidase_A22A (IPR001108)
5997,1,evalbinder_P08100,133,GPCR_Rhodpsn_7TM (IPR017452)
5997,2,evalbinder_P21728,119,GPCR_Rhodpsn_7TM (IPR017452)
5997,3,evalbinder_Q9P241,1155,P-type_ATPase_IV (IPR006539)
5997,4,evalbinder_P49810,368,Peptidase_A22A (IPR001108)
5997,5,evalbinder_Q9P241,1156,P-type_ATPase_IV (IPR006539)
5997,6,evalbinder_Q16720,891,ATPase_P-typ_cation-transptr_C (IPR006068)
5997,7,evalbinder_P49810,367,Peptidase_A22A (IPR001108)
5997,8,evalbinder_Q16720,890,ATPase_P-typ_cation-transptr_C (IPR006068)
5997,9,evalbinder_Q9NSA2,309,VG_K_chnl (IPR028325)
5997,10,evalbinder_Q16720,887,ATPase_P-typ_cation-transptr_C (IPR006068)
5997,11,evalbinder_Q9NZV8,307,VG_K_chnl (IPR028325)
5997,12,evalbinder_Q9P241,130,P-type_ATPase_IV (IPR006539)
5997,13,evalbinder_P48547,328,Ion_trans_dom (IPR005821)
5997,14,evalbinder_Q16720,430,P_typ_ATPase (IPR001757)
9725,0,pres_UZJNvRzBCZxzyxex6Dk3,26,ARM-like (IPR011989)
9725,1,evalbinder_Q96KV7,1501,Beta-prop_WDR90_4th (IPR055440)
9725,2,pres_Pav1HtFIz9ERy3aBrxPw,114,ARM-like (IPR011989)
9725,3,evalbinder_O75899,10,
9725,4,evalbinder_O75899,20,
9725,5,pres_YCFnHLND2wq7Jqn7puZC,31,
9725,6,evalbinder_Q8NCB2,81,Prot_kinase_dom (IPR000719)
9725,7,pres_6jOvTKt1gSMNqAjrs2DM,56,ARM-like (IPR011989)
9725,8,evalbinder_P61601,86,EF_hand_dom (IPR002048)
9725,9,evalbinder_P05067,445,Amyloid_glyco (IPR008155)
9725,10,pres_YOFNLHIuiiO1HyzJGIua,116,ARM-type_fold (IPR016024)
9725,11,pres_nCOuIYtaOboOHgXoum8t,26,
9725,12,evalbinder_Q96KV7,760,WD_repeat_EMAP (IPR050630)
9725,13,evalbinder_P36222,134,Chitinase_II/V-like_cat (IPR011583)
9725,14,pres_iMELq2TpjHNa41VxPjZD,17,
11047,0,evalbinder_Q9ULV0,677,Myosin_head_motor_dom-like (IPR001609)
11047,1,evalbinder_Q9ULV0,311,Myosin_head_motor_dom-like (IPR001609)
11047,2,evalbinder_Q9ULV0,361,Myosin_head_motor_dom-like (IPR001609)
11047,3,evalbinder_Q8N442,110,EF-4 (IPR006297)
11047,4,evalbinder_Q8N442,88,EF-4 (IPR006297)
11047,5,evalbinder_P39656,141,OST48_N (IPR055457)
11047,6,evalbinder_P09104,122,Enolase_N (IPR020811)
11047,7,evalbinder_Q9NSA2,117,T1-type_BTB (IPR003131)
11047,8,evalbinder_P48547,90,VG_K_chnl (IPR028325)
11047,9,evalbinder_Q9NZV8,118,SKP1/BTB/POZ_sf (IPR011333)
11047,10,evalbinder_Q9P241,1174,P-type_ATPase_IV (IPR006539)
11047,11,evalbinder_Q9P241,736,ATPase_P-typ_cyto_dom_N (IPR023299)
11047,12,evalbinder_Q16720,447,P_typ_ATPase (IPR001757)
11047,13,evalbinder_Q8N442,209,EF-4 (IPR006297)
11047,14,evalbinder_P56817,145,Aspartic_peptidase_A1 (IPR001461)
11213,0,evalbinder_Q92686,32,IQ_motif_EF-hand-BS (IPR000048)
11213,1,evalbinder_Q9ULV0,770,IQ_motif_EF-hand-BS (IPR000048)
11213,2,evalbinder_Q9ULV0,793,IQ_motif_EF-hand-BS (IPR000048)
11213,3,evalbinder_Q9ULV0,866,P-loop_NTPase (IPR027417)
11213,4,evalbinder_Q9ULV0,818,P-loop_NTPase (IPR027417)
11213,5,evalbinder_Q9ULV0,841,P-loop_NTPase (IPR027417)
11213,6,evalbinder_Q9ULV0,889,P-loop_NTPase (IPR027417)
11213,7,evalbinder_P78413,188,HD (IPR001356)
11213,8,pres_slwXInBEv6s6vbEYxOaD,130,
11213,9,evalbinder_P09104,270,Enolase (IPR000941)
11213,10,evalbinder_P07196,261,IF_rod_dom (IPR039008)
11213,11,evalbinder_Q8N442,390,EF-4 (IPR006297)
11213,12,P54253,394,ATAXIN1-like (IPR043404)
11213,13,evalbinder_Q9NZN1,616,
11213,14,P54253,791,ATAXIN1-like (IPR043404)
11813,0,Q03692,471,Collagen (IPR008160)
11813,1,Q03692,61,
11813,2,pres_X6zpb19pBNK7UDDb4sOV,48,
11813,3,Q03692,96,
11813,4,pres_qhnlChEmkyxFq5axO2US,79,
11813,5,pres_fX6eXmWTeZQqgREsgy4s,70,
11813,6,pres_07aR5UcTNPM2BepPSdc3,13,
11813,7,pres_aIESUbX7APrGcAnBcN7d,46,
11813,8,pres_UJm5SBEO9f8y8FWDuuBt,15,
11813,9,pres_4MNiZWT43FwkdghxmE8X,50,
11813,10,pres_1BEM7e9JOD1hncPWj00E,31,
11813,11,pres_X2lQPzAzM8BCp4qnMTqy,118,
11813,12,pres_denu9B9QsEzVfGE29Rm0,98,
11813,13,pres_BkHsqHmUurDEebUNTss1,80,
11813,14,pres_QF6H83tiPf2NbZMvZQMw,55,
12210,0,pres_NTJprgFDjTkTCSlRPgZ9,74,
12210,1,pres_Sdgao4AET7oNIoUBAS8u,62,
12210,2,evalbinder_Q16720,801,HAD_sf (IPR023214)
12210,3,pres_IZgMjRY5zhYmTJP9IqDG,71,
12210,4,pres_vdozFGGv7yAR9HvWIZbw,57,
12210,5,evalbinder_P05413,64,Fatty_acid-bd (IPR000463)
12210,6,pres_GbzP7OZsrDD6D9TsKlsI,105,
12210,7,pres_Zk1W1XxVAeekecsbAD0m,45,
12210,8,pres_NhLCpmNv1FEcDlqjf0CI,107,
12210,9,Q7Z699,14,WH1/EVH1_dom (IPR000697)
12210,10,pres_8Tr7QyB7TE7CDwNUiNLS,66,
12210,11,evalbinder_P05413,62,ILBP (IPR031259)
12210,12,evalbinder_Q53HL2,34,Borealin_N (IPR018851)
12210,13,evalbinder_P39656,86,OST48_N (IPR055457)
12210,14,Q7Z698,13,WH1/EVH1_dom (IPR000697)
12588,0,evalbinder_Q9ULV0,1715,Myo5b_CBD (IPR037990)
12588,1,evalbinder_Q9ULU8,1289,MUN_dom (IPR010439)
12588,2,evalbinder_Q9ULV0,1552,Myo5b_CBD (IPR037990)
12588,3,evalbinder_Q9ULU8,1140,MUN_dom (IPR010439)
12588,4,evalbinder_Q9ULU8,1143,MUN_dom (IPR010439)
12588,5,evalbinder_Q9ULU8,885,MUN_dom (IPR010439)
12588,6,evalbinder_Q9ULU8,1208,MUN_dom (IPR010439)
12588,7,evalbinder_Q9ULU8,953,MUN_dom (IPR010439)
12588,8,evalbinder_Q9ULU8,1136,MUN_dom (IPR010439)
12588,9,evalbinder_Q9ULU8,1212,MUN_dom (IPR010439)
12588,10,evalbinder_Q9ULU8,1070,MUN_dom (IPR010439)
12588,11,evalbinder_Q9ULU8,956,MUN_dom (IPR010439)
12588,12,evalbinder_Q9ULU8,1204,MUN_dom (IPR010439)
12588,13,evalbinder_Q9ULU8,1133,MUN_dom (IPR010439)
12588,14,evalbinder_Q9ULU8,881,MUN_dom (IPR010439)
15482,0,evalbinder_P35222,217,Armadillo (IPR000225)
15482,1,evalbinder_P35222,423,Armadillo (IPR000225)
15482,2,evalbinder_P35222,513,Armadillo (IPR000225)
15482,3,evalbinder_P35222,576,Armadillo (IPR000225)
15482,4,evalbinder_P35222,258,Armadillo (IPR000225)
15482,5,evalbinder_P35222,300,Armadillo (IPR000225)
15482,6,evalbinder_P35222,617,Armadillo (IPR000225)
15482,7,evalbinder_P35222,343,Armadillo (IPR000225)
15482,8,evalbinder_P35222,384,Armadillo (IPR000225)
15482,9,evalbinder_P35222,174,Armadillo (IPR000225)
15482,10,evalbinder_P35222,467,Armadillo (IPR000225)
15482,11,evalbinder_Q9NVT9,62,ARM-type_fold (IPR016024)
15482,12,evalbinder_P35222,658,Armadillo (IPR000225)
15482,13,evalbinder_Q9NVT9,20,ARM-type_fold (IPR016024)
15482,14,evalbinder_Q9NVT9,106,ARMC1 (IPR016617)
